dreb_pct,drebs,drtg,efg,fg2a,fg2m,fg2pct,fg3a,fg3m,fg3pct,ftr,lineup,lineup_id,minutes,net_rtg,opp_efg,opp_fg2a,opp_fg2m,opp_fg2pct,opp_fg3a,opp_fg3m,opp_fg3pct,opp_ftr,opp_tov_pct,opp_turnovers,oreb_pct,orebs,ortg,plus_minus,pts_against,pts_for,seconds_played,team,total_possessions,tov_pct,turnovers,our_lineup_id,season,team_id
0.6,6,94.1176470588235,0.636363636363636,6,4,0.666666666666667,5,2,0.4,0.909090909090909,"Gabby Williams, Alysha Clark, Nneka Ogwumike, Skylar Diggins, Erica Wheeler",1628931-202252-203014-203400-204365,08:42,37.1323529411765,0.375,8,3,0.375,8,2,0.25,0.25,0.235294117647059,4,0.5,2,131.25,5,16,21,522,SEA,33,0.1875,3,1628932-1629498-1642801-203833-204319,2025,1611661319
0.4,2,112.5,0.625,9,6,0.666666666666667,3,1,0.333333333333333,1.0,"Kelsey Mitchell, Lexie Hull, Aliyah Boston, Caitlin Clark, Natasha Howard",1628909-1631086-1641648-1642286-203827,07:27,31.9444444444444,0.653846153846154,9,7,0.777777777777778,4,1,0.25,0.230769230769231,0.3125,5,0.2,1,144.444444444444,8,18,26,447,IND,34,0.166666666666667,3,1628932-1629498-1642801-203833-204319,2025,1611661319
0.714285714285714,5,133.333333333333,0.85,5,4,0.8,5,3,0.6,0.6,"Kahleah Copper, Sami Whitcomb, Kalani Brown, Satou Sabally, Alyssa Thomas",1627674-1628244-1629480-1630149-203826,06:27,35.8974358974359,0.571428571428571,9,5,0.555555555555556,5,2,0.4,0.0714285714285714,0.0,0,0.333333333333333,1,169.230769230769,6,16,22,387,PHX,25,0.0769230769230769,1,1628932-1629498-1642801-203833-204319,2025,1611661319
0.5,2,112.5,0.535714285714286,5,3,0.6,9,3,0.333333333333333,0.0,"Kaila Charles, Iliana Rupert, Laeticia Amihere, Carla Leite, Kaitlyn Chen",1630097-1630387-1641656-1642304-1642822,04:11,54.1666666666667,0.416666666666667,3,1,0.333333333333333,3,1,0.333333333333333,0.666666666666667,0.25,2,0.75,6,166.666666666667,6,9,15,251,GSV,17,0.111111111111111,1,1628932-1629498-1642801-203833-204319,2025,1611661319
0.666666666666667,2,150.0,0.833333333333333,6,5,0.833333333333333,0,0,,0.0,"Sug Sutton, Aaliyah Edwards, Sonia Citron, Lucy Olsen, Stefanie Dolson",1630134-1642290-1642785-1642802-203828,03:41,-7.14285714285714,0.75,1,0,0.0,5,3,0.6,0.0,0.166666666666667,1,0.0,0,142.857142857143,1,9,10,221,WAS,13,0.142857142857143,1,1628932-1629498-1642801-203833-204319,2025,1611661319
1.0,2,100.0,0.4,5,2,0.4,0,0,,0.4,"Temi Fágbénlé, Veronica Burton, Janelle Salaün, Tiffany Hayes, Kayla Thornton",1627701-1631007-1642767-203026-203866,02:52,20.0,0.5,2,2,1.0,2,0,0.0,0.25,0.2,1,0.666666666666667,2,120.0,1,5,6,172,GSV,10,0.2,1,1628932-1629498-1642801-203833-204319,2025,1611661319
1.0,3,40.0,0.666666666666667,5,4,0.8,1,0,0.0,0.166666666666667,"Cecilia Zandalasini, Monique Billings, Julie Vanloo, Janelle Salaün, Kayla Thornton",1628508-1628881-1642210-1642767-203866,02:33,160.0,0.25,2,1,0.5,2,0,0.0,0.0,0.2,1,0.5,1,200.0,6,2,8,153,GSV,9,0.0,0,1628932-1629498-1642801-203833-204319,2025,1611661319
1.0,1,233.333333333333,0.5,4,2,0.5,0,0,,0.0,"Kahleah Copper, Satou Sabally, Monique Akoa Makani, DeWanna Bonner, Alyssa Thomas",1627674-1630149-1642777-201886-203826,02:20,-133.333333333333,0.875,2,2,1.0,2,1,0.5,0.25,0.0,0,0.0,0,100.0,-3,7,4,140,PHX,7,0.0,0,1628932-1629498-1642801-203833-204319,2025,1611661319
0.333333333333333,1,175.0,1.16666666666667,2,2,1.0,1,1,1.0,0.0,"Teaira McCowan, Arike Ogunbowale, Haley Jones, Aziaha James, JJ Quinerly",1629479-1629481-1641650-1642793-1642808,02:18,0.0,0.583333333333333,5,2,0.4,1,1,1.0,0.0,0.0,0,,0,175.0,0,7,7,138,DAL,8,0.25,1,1628932-1629498-1642801-203833-204319,2025,1611661319
0.666666666666667,2,0.0,1.1,2,1,0.5,3,3,1.0,0.0,"Rachel Banham, Kia Nurse, Kamilla Cardoso, Maddy Westbeld, Rebecca Allen",1627671-1628915-1642289-1642818-204296,02:16,220.0,0.0,3,0,0.0,0,0,,0.0,0.5,2,0.0,0,220.0,11,0,11,136,CHI,9,0.0,0,1628932-1629498-1642801-203833-204319,2025,1611661319
0.666666666666667,2,125.0,0.625,3,1,0.333333333333333,1,1,1.0,0.0,"Kelsey Plum, Azurá Stevens, Julie Vanloo, Sarah Ashlee Barker, Dearica Hamby",1628276-1628922-1642210-1642782-204324,02:08,-25.0,0.5,3,1,0.333333333333333,2,1,0.5,0.0,0.0,0,0.0,0,100.0,0,5,5,128,LAS,9,0.2,1,1628932-1629498-1642801-203833-204319,2025,1611661319
1.0,3,50.0,0.875,3,2,0.666666666666667,1,1,1.0,0.0,"Napheesa Collier, Jessica Shepard, Bridget Carleton, Natisha Hiedeman, Kayla McBride",1629483-1629491-1629524-1629567-203825,01:59,90.0,0.25,2,1,0.5,2,0,0.0,0.0,0.0,0,0.0,0,140.0,5,2,7,119,MIN,9,0.2,1,1628932-1629498-1642801-203833-204319,2025,1611661319
1.0,1,80.0,0.0,3,0,0.0,1,0,0.0,0.0,"Cecilia Zandalasini, Monique Billings, Veronica Burton, Julie Vanloo, Kate Martin",1628508-1628881-1631007-1642210-1642324,01:53,-80.0,0.666666666666667,2,2,1.0,1,0,0.0,0.0,0.4,2,0.25,1,0.0,-4,4,0,113,GSV,10,0.4,2,1628932-1629498-1642801-203833-204319,2025,1611661319
1.0,1,175.0,0.333333333333333,2,1,0.5,1,0,0.0,0.0,"Monique Billings, Veronica Burton, Kate Martin, Janelle Salaün, Kayla Thornton",1628881-1631007-1642324-1642767-203866,01:51,-125.0,0.833333333333333,2,1,0.5,1,1,1.0,0.666666666666667,0.0,0,0.0,0,50.0,-5,7,2,111,GSV,8,0.0,0,1628932-1629498-1642801-203833-204319,2025,1611661319
,0,300.0,1.0,0,0,,3,2,0.666666666666667,0.0,"Emma Cannon, Kelsey Plum, Rickea Jackson, Odyssey Sims, Dearica Hamby",1628242-1628276-1642288-203824-204324,01:49,-100.0,1.375,1,1,1.0,3,3,1.0,0.25,0.0,0,1.0,1,200.0,-6,12,6,109,LAS,7,0.333333333333333,1,1628932-1629498-1642801-203833-204319,2025,1611661319
1.0,1,66.6666666666667,0.0,3,0,0.0,1,0,0.0,0.0,"Kathryn Westbeld, Kalani Brown, Kitija Laksa, Kiana Williams, Lexi Held",1628957-1629480-1629490-1630461-1631118,01:36,-66.6666666666667,0.5,1,1,1.0,1,0,0.0,0.0,0.333333333333333,1,0.25,1,0.0,-2,2,0,96,PHX,6,0.0,0,1628932-1629498-1642801-203833-204319,2025,1611661319
1.0,3,0.0,0.166666666666667,3,1,0.333333333333333,3,0,0.0,0.0,"Lindsay Allen, Aneesah Morrow, Saniya Rivers, Tina Charles, Bria Hartley",1628263-1642800-1642809-202250-203829,01:35,66.6666666666667,0.0,2,0,0.0,1,0,0.0,0.0,0.0,0,0.6,3,66.6666666666667,2,0,2,95,CON,6,0.0,0,1628932-1629498-1642801-203833-204319,2025,1611661319
0.0,0,125.0,0.0,0,0,,3,0,0.0,0.0,"Kelsey Mitchell, Sophie Cunningham, Aari McDonald, Lexie Hull, Aliyah Boston",1628909-1629482-1630462-1631086-1641648,01:33,-125.0,0.75,1,0,0.0,1,1,1.0,1.0,0.25,1,0.0,0,0.0,-5,5,0,93,IND,7,0.0,0,1628932-1629498-1642801-203833-204319,2025,1611661319
1.0,1,66.6666666666667,1.25,1,1,1.0,1,1,1.0,1.0,"Iliana Rupert, Veronica Burton, Carla Leite, Kate Martin, Janelle Salaün",1630387-1631007-1642304-1642324-1642767,01:29,283.333333333333,0.5,2,1,0.5,0,0,,0.0,0.333333333333333,1,,0,350.0,5,2,7,89,GSV,5,0.0,0,1628932-1629498-1642801-203833-204319,2025,1611661319
1.0,1,25.0,0.5,1,0,0.0,2,1,0.5,1.0,"Sika Koné, Emily Engstler, Jade Melbourne, Sonia Citron, Lucy Olsen",1631021-1631083-1631141-1642785-1642802,01:29,125.0,0.0,1,0,0.0,0,0,,2.0,0.5,2,0.0,0,150.0,5,1,6,89,WAS,8,0.0,0,1628932-1629498-1642801-203833-204319,2025,1611661319
1.0,1,66.6666666666667,0.333333333333333,3,1,0.333333333333333,0,0,,1.0,"Sug Sutton, Emily Engstler, Jade Melbourne, Kiki Iriafen, Lucy Olsen",1630134-1631083-1631141-1642792-1642802,01:24,33.3333333333333,0.5,1,1,1.0,1,0,0.0,0.0,0.333333333333333,1,0.0,0,100.0,2,2,4,84,WAS,7,0.0,0,1628932-1629498-1642801-203833-204319,2025,1611661319
1.0,1,150.0,1.0,1,1,1.0,0,0,,2.0,"Cecilia Zandalasini, Monique Billings, Veronica Burton, Kate Martin, Kayla Thornton",1628508-1628881-1631007-1642324-203866,01:23,50.0,0.75,0,0,,2,1,0.5,0.0,0.0,0,,0,200.0,1,3,4,83,GSV,4,0.0,0,1628932-1629498-1642801-203833-204319,2025,1611661319
1.0,1,0.0,0.333333333333333,1,1,1.0,2,0,0.0,0.0,"Maria Kliundikova, Natisha Hiedeman, Jaylyn Sherrod, Camryn Taylor, Anastasiia Olairi Kosu",1628926-1629567-1642320-1642344-1642797,01:18,100.0,0.0,1,0,0.0,0,0,,0.0,0.0,0,0.5,1,100.0,2,0,2,78,MIN,4,0.0,0,1628932-1629498-1642801-203833-204319,2025,1611661319
0.5,1,66.6666666666667,0.0,1,0,0.0,1,0,0.0,0.0,"Sophie Cunningham, Aari McDonald, Lexie Hull, Aliyah Boston, Sydney Colson",1629482-1630462-1631086-1641648-202641,01:15,-66.6666666666667,0.333333333333333,3,1,0.333333333333333,0,0,,0.0,0.333333333333333,1,0.0,0,0.0,-2,2,0,75,IND,7,0.5,2,1628932-1629498-1642801-203833-204319,2025,1611661319
1.0,1,100.0,0.666666666666667,3,2,0.666666666666667,0,0,,0.0,"Kahleah Copper, Sami Whitcomb, Kathryn Westbeld, Satou Sabally, Alyssa Thomas",1627674-1628244-1628957-1630149-203826,01:14,33.3333333333333,0.0,0,0,,1,0,0.0,2.0,0.0,0,,0,133.333333333333,2,2,4,74,PHX,5,0.0,0,1628932-1629498-1642801-203833-204319,2025,1611661319
0.5,1,0.0,1.0,1,1,1.0,0,0,,2.0,"Rachel Banham, Kia Nurse, Michaela Onyenwere, Sevgi Uzun, Kamilla Cardoso",1627671-1628915-1630446-1642244-1642289,01:12,200.0,0.0,1,0,0.0,1,0,0.0,0.0,0.0,0,,0,200.0,4,0,4,72,CHI,3,0.0,0,1628932-1629498-1642801-203833-204319,2025,1611661319
,0,200.0,0.333333333333333,2,1,0.5,1,0,0.0,0.333333333333333,"Aaliyah Edwards, Leïla Lacan, Saniya Rivers, Tina Charles, Bria Hartley",1642290-1642303-1642809-202250-203829,01:12,-50.0,1.0,3,3,1.0,0,0,,0.0,0.0,0,0.5,1,150.0,-3,6,3,72,CON,5,0.0,0,1628932-1629498-1642801-203833-204319,2025,1611661319
1.0,1,100.0,0.0,1,0,0.0,1,0,0.0,0.0,"Cecilia Zandalasini, Iliana Rupert, Carla Leite, Kate Martin, Tiffany Hayes",1628508-1630387-1642304-1642324-203026,01:09,-100.0,0.0,1,0,0.0,0,0,,2.0,0.0,0,0.0,0,0.0,-2,2,0,69,GSV,4,0.0,0,1628932-1629498-1642801-203833-204319,2025,1611661319
1.0,3,0.0,1.0,1,1,1.0,0,0,,2.0,"Olivia Nelson-Ododa, Aneesah Morrow, Saniya Rivers, Bria Hartley, Haley Peters",1631135-1642800-1642809-203829-203863,01:07,100.0,0.0,3,0,0.0,0,0,,0.0,0.0,0,,0,100.0,4,0,4,67,CON,7,0.5,2,1628932-1629498-1642801-203833-204319,2025,1611661319
,0,200.0,0.666666666666667,2,2,1.0,1,0,0.0,0.0,"Sug Sutton, Shakira Austin, Sonia Citron, Kiki Iriafen, Lucy Olsen",1630134-1631022-1642785-1642792-1642802,01:06,-66.6666666666667,1.0,2,2,1.0,0,0,,1.0,0.0,0,,0,133.333333333333,-2,6,4,66,WAS,6,0.0,0,1628932-1629498-1642801-203833-204319,2025,1611661319
0.666666666666667,2,0.0,1.0,1,1,1.0,0,0,,0.0,"Jacy Sheldon, Saniya Rivers, Tina Charles, Bria Hartley, Haley Peters",1642292-1642809-202250-203829-203863,01:04,100.0,0.0,2,0,0.0,1,0,0.0,0.0,0.0,0,,0,100.0,2,0,2,64,CON,4,0.5,1,1628932-1629498-1642801-203833-204319,2025,1611661319
1.0,2,0.0,0.0,1,0,0.0,1,0,0.0,1.0,"Kelsey Mitchell, Sophie Cunningham, Lexie Hull, Aliyah Boston, Caitlin Clark",1628909-1629482-1631086-1641648-1642286,01:01,66.6666666666667,0.0,1,0,0.0,1,0,0.0,0.0,0.0,0,0.0,0,66.6666666666667,2,0,2,61,IND,5,0.0,0,1628932-1629498-1642801-203833-204319,2025,1611661319
1.0,1,0.0,0.5,2,1,0.5,0,0,,0.0,"Kelsey Mitchell, Sophie Cunningham, Lexie Hull, Caitlin Clark, Natasha Howard",1628909-1629482-1631086-1642286-203827,00:55,200.0,0.0,0,0,,1,0,0.0,0.0,0.5,1,1.0,1,200.0,2,0,2,55,IND,3,0.0,0,1628932-1629498-1642801-203833-204319,2025,1611661319
,0,300.0,1.0,1,1,1.0,0,0,,0.0,"Sug Sutton, Sonia Citron, Kiki Iriafen, Lucy Olsen, Stefanie Dolson",1630134-1642785-1642792-1642802-203828,00:54,-100.0,1.5,0,0,,1,1,1.0,0.0,0.0,0,,0,200.0,-1,3,2,54,WAS,2,0.0,0,1628932-1629498-1642801-203833-204319,2025,1611661319
,0,300.0,1.0,1,1,1.0,0,0,,0.0,"Kaila Charles, Iliana Rupert, Veronica Burton, Laeticia Amihere, Kaitlyn Chen",1630097-1630387-1631007-1641656-1642822,00:52,-100.0,1.5,0,0,,1,1,1.0,0.0,0.0,0,,0,200.0,-1,3,2,52,GSV,2,0.0,0,1628932-1629498-1642801-203833-204319,2025,1611661319
1.0,1,0.0,1.5,0,0,,1,1,1.0,0.0,"Olivia Nelson-Ododa, Jacy Sheldon, Saniya Rivers, Tina Charles, Bria Hartley",1631135-1642292-1642809-202250-203829,00:52,300.0,0.0,1,0,0.0,0,0,,0.0,0.5,1,,0,300.0,3,0,3,52,CON,3,0.0,0,1628932-1629498-1642801-203833-204319,2025,1611661319
1.0,1,0.0,0.0,1,0,0.0,0,0,,0.0,"Cecilia Zandalasini, Monique Billings, Veronica Burton, Tiffany Hayes, Kayla Thornton",1628508-1628881-1631007-203026-203866,00:50,0.0,0.0,1,0,0.0,1,0,0.0,0.0,0.0,0,0.0,0,0.0,0,0,0,50,GSV,3,0.0,0,1628932-1629498-1642801-203833-204319,2025,1611661319
1.0,1,0.0,1.0,1,1,1.0,0,0,,3.0,"Gabby Williams, Ezi Magbegor, Nneka Ogwumike, Skylar Diggins, Erica Wheeler",1628931-1629496-203014-203400-204365,00:46,250.0,0.0,0,0,,1,0,0.0,0.0,0.0,0,,0,250.0,5,0,5,46,SEA,3,0.0,0,1628932-1629498-1642801-203833-204319,2025,1611661319
1.0,1,0.0,0.0,0,0,,1,0,0.0,0.0,"Sug Sutton, Jade Melbourne, Kiki Iriafen, Lucy Olsen, Stefanie Dolson",1630134-1631141-1642792-1642802-203828,00:46,0.0,0.0,1,0,0.0,0,0,,0.0,0.5,1,0.0,0,0.0,0,0,0,46,WAS,4,0.5,1,1628932-1629498-1642801-203833-204319,2025,1611661319
1.0,1,0.0,1.0,1,1,1.0,0,0,,0.0,"Kahleah Copper, Sami Whitcomb, Kathryn Westbeld, DeWanna Bonner, Alyssa Thomas",1627674-1628244-1628957-201886-203826,00:46,200.0,0.0,0,0,,1,0,0.0,0.0,0.0,0,,0,200.0,2,0,2,46,PHX,2,0.0,0,1628932-1629498-1642801-203833-204319,2025,1611661319
1.0,1,0.0,0.666666666666667,2,2,1.0,1,0,0.0,0.0,"Kelsey Mitchell, Sophie Cunningham, Aari McDonald, Aliyah Boston, Natasha Howard",1628909-1629482-1630462-1641648-203827,00:45,200.0,0.0,1,0,0.0,0,0,,0.0,0.0,0,1.0,1,200.0,4,0,4,45,IND,3,0.0,0,1628932-1629498-1642801-203833-204319,2025,1611661319
1.0,1,0.0,0.0,0,0,,1,0,0.0,0.0,"Kelsey Plum, Azurá Stevens, Rae Burrell, Sarah Ashlee Barker, Dearica Hamby",1628276-1628922-1630996-1642782-204324,00:36,,0.0,0,0,,1,0,0.0,0.0,0.0,0,1.0,1,,0,0,0,36,LAS,1,,0,1628932-1629498-1642801-203833-204319,2025,1611661319
0.5,1,0.0,1.0,1,1,1.0,0,0,,0.0,"Rachel Banham, Kia Nurse, Sevgi Uzun, Kamilla Cardoso, Maddy Westbeld",1627671-1628915-1642244-1642289-1642818,00:35,200.0,0.0,0,0,,2,0,0.0,0.0,0.0,0,,0,200.0,2,0,2,35,CHI,2,0.0,0,1628932-1629498-1642801-203833-204319,2025,1611661319
1.0,1,0.0,0.75,0,0,,2,1,0.5,0.0,"Iliana Rupert, Veronica Burton, Kate Martin, Janelle Salaün, Tiffany Hayes",1630387-1631007-1642324-1642767-203026,00:34,300.0,0.0,1,0,0.0,0,0,,0.0,0.0,0,1.0,1,300.0,3,0,3,34,GSV,2,0.0,0,1628932-1629498-1642801-203833-204319,2025,1611661319
,0,200.0,,0,0,,0,0,,,"Olivia Nelson-Ododa, Jacy Sheldon, Saniya Rivers, Bria Hartley, Haley Peters",1631135-1642292-1642809-203829-203863,00:28,0.0,1.0,1,1,1.0,0,0,,0.0,0.0,0,,0,200.0,2,2,4,28,CON,3,0.0,0,1628932-1629498-1642801-203833-204319,2025,1611661319
1.0,1,0.0,1.5,0,0,,1,1,1.0,1.0,"Teaira McCowan, DiJonai Carrington, Haley Jones, Aziaha James, JJ Quinerly",1629479-1630096-1641650-1642793-1642808,00:23,400.0,0.0,1,0,0.0,0,0,,0.0,0.0,0,,0,400.0,4,0,4,23,DAL,2,0.0,0,1628932-1629498-1642801-203833-204319,2025,1611661319
,0,200.0,0.0,0,0,,1,0,0.0,0.0,"Teaira McCowan, Arike Ogunbowale, DiJonai Carrington, Haley Jones, JJ Quinerly",1629479-1629481-1630096-1641650-1642808,00:20,-200.0,1.0,1,1,1.0,0,0,,0.0,0.0,0,0.0,0,0.0,-2,2,0,20,DAL,2,0.0,0,1628932-1629498-1642801-203833-204319,2025,1611661319
,0,0.0,,0,0,,0,0,,,"Temi Fágbénlé, Veronica Burton, Kate Martin, Janelle Salaün, Tiffany Hayes",1627701-1631007-1642324-1642767-203026,00:20,0.0,,0,0,,0,0,,,1.0,1,,0,0.0,0,0,0,20,GSV,2,1.0,1,1628932-1629498-1642801-203833-204319,2025,1611661319
,0,200.0,,0,0,,0,0,,,"Cecilia Zandalasini, Monique Billings, Veronica Burton, Julie Vanloo, Kayla Thornton",1628508-1628881-1631007-1642210-203866,00:18,-200.0,,0,0,,0,0,,,0.0,0,,0,0.0,-2,2,0,18,GSV,2,1.0,1,1628932-1629498-1642801-203833-204319,2025,1611661319
,0,200.0,1.0,1,1,1.0,0,0,,0.0,"Kelsey Plum, Azurá Stevens, Rae Burrell, Sarah Ashlee Barker, Sania Feagin",1628276-1628922-1630996-1642782-1642790,00:14,0.0,,0,0,,0,0,,,0.0,0,,0,200.0,0,2,2,14,LAS,2,0.0,0,1628932-1629498-1642801-203833-204319,2025,1611661319
,0,200.0,0.0,0,0,,1,0,0.0,0.0,"Temi Fágbénlé, Kaila Charles, Carla Leite, Janelle Salaün, Tiffany Hayes",1627701-1630097-1642304-1642767-203026,00:11,-200.0,,0,0,,0,0,,,0.0,0,0.0,0,0.0,-2,2,0,11,GSV,2,0.0,0,1628932-1629498-1642801-203833-204319,2025,1611661319
0.75,3,137.5,0.5,5,1,0.2,3,2,0.666666666666667,0.125,"Jonquel Jones, Marine Johannès, Kennedy Burke, Leonie Fiebich, Natasha Cloud",1627673-1629546-1629568-1630142-204333,04:09,-37.5,0.611111111111111,7,4,0.571428571428571,2,1,0.5,0.111111111111111,0.0,0,0.0,0,100.0,-2,11,9,249,NYL,17,0.111111111111111,1,1628932-1629498-1631006-203833-204319,2025,1611661319
1.0,4,71.4285714285714,0.7,2,2,1.0,3,1,0.333333333333333,0.0,"Julie Allemand, Kelsey Plum, Azurá Stevens, Cameron Brink, Rickea Jackson",1627700-1628276-1628922-1642287-1642288,02:52,45.2380952380952,0.416666666666667,1,1,1.0,5,1,0.2,0.0,0.142857142857143,1,0.0,0,116.666666666667,2,5,7,172,LAS,13,0.166666666666667,1,1628932-1629498-1631006-203833-204319,2025,1611661319
0.75,3,60.0,0.625,2,1,0.5,2,1,0.5,0.75,"Temi Fágbénlé, Veronica Burton, Laeticia Amihere, Janelle Salaün, Kaitlyn Chen",1627701-1631007-1641656-1642767-1642822,02:39,100.0,0.3,0,0,,5,1,0.2,0.0,0.2,1,0.5,1,160.0,5,3,8,159,GSV,10,0.4,2,1628932-1629498-1631006-203833-204319,2025,1611661319
1.0,1,120.0,0.625,1,1,1.0,3,1,0.333333333333333,0.0,"Allisha Gray, Maya Caldwell, Rhyne Howard, Naz Hillmon, Brittney Griner",1628277-1630471-1631009-1631044-203398,02:39,-20.0,0.6,4,3,0.75,1,0,0.0,0.0,0.2,1,0.0,0,100.0,-1,6,5,159,ATL,10,0.2,1,1628932-1629498-1631006-203833-204319,2025,1611661319
1.0,2,75.0,0.5,4,2,0.5,0,0,,0.75,"Shakira Austin, Sonia Citron, Kiki Iriafen, Lucy Olsen, Alysha Clark",1631022-1642785-1642792-1642802-202252,02:32,65.0,0.0,1,0,0.0,1,0,0.0,1.5,0.25,1,0.0,0,140.0,4,3,7,152,WAS,9,0.0,0,1628932-1629498-1631006-203833-204319,2025,1611661319
0.666666666666667,2,75.0,1.125,3,3,1.0,1,1,1.0,0.5,"Temi Fágbénlé, Cecilia Zandalasini, Kaila Charles, Veronica Burton, Janelle Salaün",1627701-1628508-1630097-1631007-1642767,02:24,145.0,0.375,1,0,0.0,3,1,0.333333333333333,0.0,0.25,1,,0,220.0,8,3,11,144,GSV,9,0.0,0,1628932-1629498-1631006-203833-204319,2025,1611661319
1.0,1,80.0,0.375,1,0,0.0,3,1,0.333333333333333,0.0,"Myisha Hines-Allen, Maddy Siegrist, Paige Bueckers, Aziaha James, JJ Quinerly",1628899-1641652-1642784-1642793-1642808,02:13,-5.0,0.5,3,2,0.666666666666667,1,0,0.0,0.25,0.4,2,0.0,0,75.0,-1,4,3,133,DAL,9,0.0,0,1628932-1629498-1631006-203833-204319,2025,1611661319
0.333333333333333,1,166.666666666667,0.7,3,2,0.666666666666667,2,1,0.5,0.2,"Kelsey Plum, Azurá Stevens, Rae Burrell, Cameron Brink, Rickea Jackson",1628276-1628922-1630996-1642287-1642288,02:06,33.3333333333333,0.5,3,1,0.333333333333333,2,1,0.5,0.0,0.0,0,1.0,2,200.0,3,5,8,126,LAS,7,0.25,1,1628932-1629498-1631006-203833-204319,2025,1611661319
0.5,1,100.0,0.5,1,1,1.0,1,0,0.0,0.0,"Allisha Gray, Rhyne Howard, Naz Hillmon, Te-Hina Paopao, Brittney Griner",1628277-1631009-1631044-1642804-203398,01:56,0.0,0.375,2,0,0.0,2,1,0.5,0.0,0.333333333333333,1,0.0,0,100.0,-1,3,2,116,ATL,5,0.0,0,1628932-1629498-1631006-203833-204319,2025,1611661319
,0,100.0,0.0,2,0,0.0,0,0,,1.0,"Allisha Gray, Brionna Jones, Rhyne Howard, Naz Hillmon, Te-Hina Paopao",1628277-1628280-1631009-1631044-1642804,01:45,-66.6666666666667,1.0,1,1,1.0,0,0,,0.0,0.5,1,1.0,2,33.3333333333333,-1,2,1,105,ATL,5,0.666666666666667,2,1628932-1629498-1631006-203833-204319,2025,1611661319
1.0,2,100.0,1.0,2,2,1.0,0,0,,0.0,"Kelsey Mitchell, Lexie Hull, Aliyah Boston, Sydney Colson, Natasha Howard",1628909-1631086-1641648-202641-203827,01:44,0.0,0.5,3,2,0.666666666666667,1,0,0.0,0.0,0.0,0,,0,100.0,0,4,4,104,IND,8,0.5,2,1628932-1629498-1631006-203833-204319,2025,1611661319
1.0,2,0.0,0.6,5,3,0.6,0,0,,0.0,"Kahleah Copper, Kathryn Westbeld, Satou Sabally, Monique Akoa Makani, Alyssa Thomas",1627674-1628957-1630149-1642777-203826,01:41,150.0,0.0,1,0,0.0,2,0,0.0,0.0,0.25,1,0.5,1,150.0,6,0,6,101,PHX,8,0.0,0,1628932-1629498-1631006-203833-204319,2025,1611661319
0.0,0,200.0,1.25,1,1,1.0,1,1,1.0,1.5,"Myisha Hines-Allen, Haley Jones, Maddy Siegrist, Grace Berger, Paige Bueckers",1628899-1641650-1641652-1641658-1642784,01:30,33.3333333333333,0.75,4,3,0.75,0,0,,0.0,0.0,0,,0,233.333333333333,1,6,7,90,DAL,6,0.0,0,1628932-1629498-1631006-203833-204319,2025,1611661319
1.0,1,66.6666666666667,0.666666666666667,2,2,1.0,1,0,0.0,0.0,"Kelsey Plum, Azurá Stevens, Rae Burrell, Rickea Jackson, Dearica Hamby",1628276-1628922-1630996-1642288-204324,01:24,133.333333333333,0.5,1,1,1.0,1,0,0.0,0.0,0.333333333333333,1,0.0,0,200.0,2,2,4,84,LAS,5,0.0,0,1628932-1629498-1631006-203833-204319,2025,1611661319
1.0,1,133.333333333333,0.666666666666667,2,2,1.0,1,0,0.0,0.0,"Allisha Gray, Brionna Jones, Maya Caldwell, Te-Hina Paopao, Brittney Griner",1628277-1628280-1630471-1642804-203398,01:20,0.0,0.5,1,1,1.0,1,0,0.0,1.0,0.0,0,0.0,0,133.333333333333,0,4,4,80,ATL,6,0.0,0,1628932-1629498-1631006-203833-204319,2025,1611661319
,0,100.0,0.833333333333333,1,1,1.0,2,1,0.5,0.0,"Jonquel Jones, Sabrina Ionescu, Kennedy Burke, Leonie Fiebich, Natasha Cloud",1627673-1629477-1629568-1630142-204333,01:14,150.0,1.0,1,1,1.0,0,0,,0.0,0.5,1,1.0,1,250.0,3,2,5,74,NYL,4,0.0,0,1628932-1629498-1631006-203833-204319,2025,1611661319
,0,100.0,1.0,1,1,1.0,0,0,,0.0,"Sika Koné, Emily Engstler, Jade Melbourne, Sonia Citron, Lucy Olsen",1631021-1631083-1631141-1642785-1642802,01:10,0.0,1.0,1,1,1.0,0,0,,0.0,0.5,1,,0,100.0,0,2,2,70,WAS,4,0.5,1,1628932-1629498-1631006-203833-204319,2025,1611661319
1.0,1,100.0,0.0,0,0,,2,0,0.0,0.0,"Jonquel Jones, Marine Johannès, Kennedy Burke, Emma Meesseman, Natasha Cloud",1627673-1629546-1629568-203416-204333,01:07,-100.0,0.0,1,0,0.0,0,0,,4.0,0.0,0,0.5,1,0.0,-3,3,0,67,NYL,5,0.5,1,1628932-1629498-1631006-203833-204319,2025,1611661319
,0,0.0,0.0,1,0,0.0,1,0,0.0,0.0,"Temi Fágbénlé, Veronica Burton, Laeticia Amihere, Carla Leite, Janelle Salaün",1627701-1631007-1641656-1642304-1642767,00:54,0.0,,0,0,,0,0,,,1.0,2,0.5,1,0.0,0,0,0,54,GSV,3,0.0,0,1628932-1629498-1631006-203833-204319,2025,1611661319
,0,200.0,1.5,0,0,,1,1,1.0,0.0,"Temi Fágbénlé, Kaila Charles, Veronica Burton, Carla Leite, Janelle Salaün",1627701-1630097-1631007-1642304-1642767,00:45,100.0,1.0,2,2,1.0,0,0,,0.0,0.0,0,,0,300.0,-1,4,3,45,GSV,3,0.0,0,1628932-1629498-1631006-203833-204319,2025,1611661319
,0,0.0,1.5,0,0,,1,1,1.0,0.0,"Robyn Parks, Kariata Diaby, Saniya Rivers, Bria Hartley, Haley Peters",1641641-1642773-1642809-203829-203863,00:43,300.0,,0,0,,0,0,,,1.0,1,,0,300.0,3,0,3,43,CON,2,0.0,0,1628932-1629498-1631006-203833-204319,2025,1611661319
,0,,0.0,2,0,0.0,0,0,,0.0,"Sug Sutton, Shakira Austin, Jade Melbourne, Alysha Clark, Stefanie Dolson",1630134-1631022-1631141-202252-203828,00:43,,,0,0,,0,0,,,,0,0.5,1,0.0,0,0,0,43,WAS,1,0.0,0,1628932-1629498-1631006-203833-204319,2025,1611661319
0.0,0,200.0,0.0,1,0,0.0,0,0,,0.0,"Sug Sutton, Shakira Austin, Sonia Citron, Alysha Clark, Stefanie Dolson",1630134-1631022-1642785-202252-203828,00:42,-200.0,0.5,2,1,0.5,0,0,,1.0,0.0,0,0.0,0,0.0,-4,4,0,42,WAS,3,0.0,0,1628932-1629498-1631006-203833-204319,2025,1611661319
0.0,0,200.0,,0,0,,0,0,,,"Temi Fágbénlé, Cecilia Zandalasini, Kaila Charles, Carla Leite, Tiffany Hayes",1627701-1628508-1630097-1642304-203026,00:37,0.0,0.5,1,1,1.0,1,0,0.0,0.0,0.0,0,,0,200.0,2,2,4,37,GSV,3,0.0,0,1628932-1629498-1631006-203833-204319,2025,1611661319
,0,200.0,0.0,0,0,,2,0,0.0,0.0,"Cecilia Zandalasini, Kaila Charles, Iliana Rupert, Veronica Burton, Janelle Salaün",1628508-1630097-1630387-1631007-1642767,00:37,-200.0,1.0,1,1,1.0,0,0,,0.0,0.0,0,1.0,2,0.0,-2,2,0,37,GSV,2,1.0,1,1628932-1629498-1631006-203833-204319,2025,1611661319
,0,200.0,1.0,1,1,1.0,0,0,,0.0,"Marina Mabrey, Kariata Diaby, Saniya Rivers, Bria Hartley, Haley Peters",1629497-1642773-1642809-203829-203863,00:25,0.0,,0,0,,0,0,,,0.0,0,,0,200.0,0,2,2,25,CON,2,0.0,0,1628932-1629498-1631006-203833-204319,2025,1611661319
0.833333333333333,5,106.666666666667,0.533333333333333,9,5,0.555555555555556,6,2,0.333333333333333,0.0,"Jonquel Jones, Sabrina Ionescu, Leonie Fiebich, Emma Meesseman, Natasha Cloud",1627673-1629477-1630142-203416-204333,08:12,7.61904761904761,0.5,9,6,0.666666666666667,3,0,0.0,0.333333333333333,0.133333333333333,2,0.375,3,114.285714285714,0,16,16,492,NYL,29,0.142857142857143,2,1628932-1629498-1630389-1631019-203833,2025,1611661319
0.5,2,133.333333333333,0.8,2,1,0.5,3,2,0.666666666666667,0.0,"Courtney Williams, Napheesa Collier, Alanna Smith, Bridget Carleton, Kayla McBride",1627675-1629483-1629501-1629524-203825,02:51,26.6666666666667,0.5,3,2,0.666666666666667,4,1,0.25,0.285714285714286,0.0,0,0.0,0,160.0,0,8,8,171,MIN,11,0.0,0,1628932-1629498-1630389-1631019-203833,2025,1611661319
,0,166.666666666667,0.0,3,0,0.0,0,0,,0.0,"Ariel Atkins, Michaela Onyenwere, Kamilla Cardoso, Angel Reese, Hailey Van Lith",1628878-1630446-1642289-1642291-1642817,02:03,-166.666666666667,1.25,1,1,1.0,1,1,1.0,0.0,0.333333333333333,1,0.333333333333333,1,0.0,-5,5,0,123,CHI,6,0.333333333333333,1,1628932-1629498-1630389-1631019-203833,2025,1611661319
1.0,1,133.333333333333,0.666666666666667,3,2,0.666666666666667,0,0,,0.0,"Myisha Hines-Allen, Arike Ogunbowale, Luisa Geiselsöder, Paige Bueckers, Aziaha James",1628899-1629481-1630143-1642784-1642793,01:50,0.0,0.666666666666667,3,2,0.666666666666667,0,0,,0.0,0.0,0,0.0,0,133.333333333333,0,4,4,110,DAL,6,0.0,0,1628932-1629498-1630389-1631019-203833,2025,1611661319
1.0,1,133.333333333333,1.5,0,0,,2,2,1.0,0.0,"Rachel Banham, Ariel Atkins, Kia Nurse, Kamilla Cardoso, Angel Reese",1627671-1628878-1628915-1642289-1642291,01:13,166.666666666667,0.666666666666667,3,2,0.666666666666667,0,0,,0.0,0.0,0,,0,300.0,2,4,6,73,CHI,5,0.0,0,1628932-1629498-1630389-1631019-203833,2025,1611661319
1.0,1,100.0,1.5,0,0,,2,2,1.0,1.0,"Emily Engstler, Kiki Iriafen, Lucy Olsen, Madison Scott, Alysha Clark",1631083-1642792-1642802-1642810-202252,01:06,166.666666666667,0.5,2,1,0.5,0,0,,0.0,0.0,0,,0,266.666666666667,6,2,8,66,WAS,5,0.0,0,1628932-1629498-1630389-1631019-203833,2025,1611661319
,0,0.0,,0,0,,0,0,,,"Sophie Cunningham, Lexie Hull, Sydney Colson, Damiris Dantas, Natasha Howard",1629482-1631086-202641-203024-203827,01:04,200.0,0.0,0,0,,1,0,0.0,0.0,1.0,1,,0,200.0,4,0,4,64,IND,3,0.0,0,1628932-1629498-1630389-1631019-203833,2025,1611661319
0.0,0,0.0,0.5,2,1,0.5,0,0,,0.0,"Sophie Cunningham, Aari McDonald, Lexie Hull, Damiris Dantas, Natasha Howard",1629482-1630462-1631086-203024-203827,00:55,200.0,0.0,0,0,,1,0,0.0,0.0,1.0,1,1.0,1,200.0,2,0,2,55,IND,2,0.0,0,1628932-1629498-1630389-1631019-203833,2025,1611661319
0.5,1,0.0,1.0,1,1,1.0,0,0,,0.0,"Kelsey Plum, Azurá Stevens, Rae Burrell, Julie Vanloo, Dearica Hamby",1628276-1628922-1630996-1642210-204324,00:46,200.0,0.0,1,0,0.0,1,0,0.0,0.0,0.0,0,,0,200.0,2,0,2,46,LAS,2,0.0,0,1628932-1629498-1630389-1631019-203833,2025,1611661319
0.0,0,200.0,1.0,1,1,1.0,0,0,,0.0,"Emily Engstler, Jade Melbourne, Lucy Olsen, Madison Scott, Alysha Clark",1631083-1631141-1642802-1642810-202252,00:40,0.0,0.5,1,1,1.0,1,0,0.0,0.0,0.0,0,,0,200.0,0,2,2,40,WAS,2,0.0,0,1628932-1629498-1630389-1631019-203833,2025,1611661319
1.0,1,0.0,1.0,1,1,1.0,0,0,,0.0,"Kelsey Mitchell, Sophie Cunningham, Aari McDonald, Aliyah Boston, Natasha Howard",1628909-1629482-1630462-1641648-203827,00:31,200.0,0.0,0,0,,1,0,0.0,0.0,0.0,0,,0,200.0,2,0,2,31,IND,2,0.0,0,1628932-1629498-1630389-1631019-203833,2025,1611661319
,0,200.0,,0,0,,0,0,,,"Teaira McCowan, Arike Ogunbowale, Haley Jones, Grace Berger, Aziaha James",1629479-1629481-1641650-1641658-1642793,00:29,-200.0,1.0,1,1,1.0,0,0,,0.0,0.0,0,,0,0.0,-2,2,0,29,DAL,2,0.0,0,1628932-1629498-1630389-1631019-203833,2025,1611661319
1.0,2,133.333333333333,0.25,2,1,0.5,2,0,0.0,1.0,"Courtney Williams, Napheesa Collier, Alanna Smith, Bridget Carleton, Kayla McBride",1627675-1629483-1629501-1629524-203825,03:51,-70.8333333333333,0.75,2,0,0.0,4,3,0.75,0.666666666666667,0.111111111111111,1,0.0,0,62.5,-7,12,5,231,MIN,17,0.25,2,1628932-1629498-1630389-1642801-203833,2025,1611661319
,0,175.0,0.0,3,0,0.0,0,0,,0.0,"Kelsey Mitchell, Lexie Hull, Aliyah Boston, Sydney Colson, Natasha Howard",1628909-1631086-1641648-202641-203827,01:43,-175.0,1.16666666666667,2,2,1.0,1,1,1.0,0.0,0.25,1,0.333333333333333,1,0.0,-7,7,0,103,IND,7,0.333333333333333,1,1628932-1629498-1630389-1642801-203833,2025,1611661319
,0,133.333333333333,0.6,5,3,0.6,0,0,,0.0,"Sophie Cunningham, Brianna Turner, Lexie Hull, Caitlin Clark, Sydney Colson",1629482-1629488-1631086-1642286-202641,01:20,16.6666666666667,1.0,1,1,1.0,0,0,,2.0,0.333333333333333,1,0.5,1,150.0,2,4,6,80,IND,7,0.0,0,1628932-1629498-1630389-1642801-203833,2025,1611661319
0.666666666666667,2,0.0,0.0,1,0,0.0,0,0,,0.0,"Julie Allemand, Kelsey Plum, Azurá Stevens, Rae Burrell, Dearica Hamby",1627700-1628276-1628922-1630996-204324,00:54,0.0,0.0,3,0,0.0,0,0,,0.0,0.0,0,0.0,0,0.0,0,0,0,54,LAS,4,0.5,1,1628932-1629498-1630389-1642801-203833,2025,1611661319
0.5,1,0.0,0.0,0,0,,1,0,0.0,0.0,"Kelsey Plum, Azurá Stevens, Rae Burrell, Rickea Jackson, Dearica Hamby",1628276-1628922-1630996-1642288-204324,00:39,0.0,0.0,2,0,0.0,0,0,,0.0,0.0,0,0.0,0,0.0,0,0,0,39,LAS,3,0.5,1,1628932-1629498-1630389-1642801-203833,2025,1611661319
,0,0.0,,0,0,,0,0,,,"Kelsey Mitchell, Sophie Cunningham, Lexie Hull, Aliyah Boston, Sydney Colson",1628909-1629482-1631086-1641648-202641,00:27,,,0,0,,0,0,,,1.0,1,,0,,0,0,0,27,IND,1,,0,1628932-1629498-1630389-1642801-203833,2025,1611661319
0.714285714285714,5,76.4705882352941,0.59375,8,5,0.625,8,3,0.375,0.0,"Kelsey Plum, Azurá Stevens, Rae Burrell, Sarah Ashlee Barker, Dearica Hamby",1628276-1628922-1630996-1642782-204324,07:30,35.2941176470588,0.416666666666667,9,5,0.555555555555556,3,0,0.0,0.333333333333333,0.294117647058824,5,0.125,1,111.764705882353,6,13,19,450,LAS,34,0.117647058823529,2,1628932-1629498-1631019-1642801-203833,2025,1611661319
1.0,4,88.8888888888889,0.666666666666667,2,1,0.5,4,2,0.5,0.333333333333333,"Rachel Banham, Michaela Onyenwere, Kamilla Cardoso, Rebecca Allen, Elizabeth Williams",1627671-1630446-1642289-204296-204322,04:32,23.6111111111111,0.428571428571429,6,3,0.5,1,0,0.0,0.285714285714286,0.111111111111111,1,0.0,0,112.5,1,8,9,272,CHI,17,0.25,2,1628932-1629498-1631019-1642801-203833,2025,1611661319
0.5,2,60.0,0.25,3,0,0.0,3,1,0.333333333333333,0.0,"Rachel Banham, Michaela Onyenwere, Kamilla Cardoso, Maddy Westbeld, Rebecca Allen",1627671-1630446-1642289-1642818-204296,03:11,0.0,0.3,1,0,0.0,4,1,0.25,0.0,0.4,2,0.2,1,60.0,0,3,3,191,CHI,10,0.0,0,1628932-1629498-1631019-1642801-203833,2025,1611661319
0.857142857142857,6,0.0,0.25,2,1,0.5,2,0,0.0,0.5,"Kahleah Copper, Sami Whitcomb, Natasha Mack, DeWanna Bonner, Alyssa Thomas",1627674-1628244-1630442-201886-203826,03:01,66.6666666666667,0.0,3,0,0.0,4,0,0.0,0.0,0.0,0,0.0,0,66.6666666666667,4,0,4,181,PHX,12,0.166666666666667,1,1628932-1629498-1631019-1642801-203833,2025,1611661319
0.5,1,120.0,0.833333333333333,3,2,0.666666666666667,3,2,0.666666666666667,0.0,"Courtney Williams, Maria Kliundikova, Jessica Shepard, Natisha Hiedeman, Diamond Miller",1627675-1628926-1629491-1629567-1641649,02:48,80.0,0.6,4,3,0.75,1,0,0.0,0.0,0.2,1,0.5,1,200.0,4,6,10,168,MIN,10,0.0,0,1628932-1629498-1631019-1642801-203833,2025,1611661319
0.75,3,100.0,0.0,3,0,0.0,3,0,0.0,0.0,"Breanna Stewart, Sabrina Ionescu, Marine Johannès, Leonie Fiebich, Nyara Sabally",1627668-1629477-1629546-1630142-1631055,02:31,-100.0,0.416666666666667,4,1,0.25,2,1,0.5,0.0,0.0,0,0.166666666666667,1,0.0,-5,5,0,151,NYL,10,0.0,0,1628932-1629498-1631019-1642801-203833,2025,1611661319
1.0,1,140.0,0.5,3,2,0.666666666666667,1,0,0.0,0.5,"Maria Kliundikova, Napheesa Collier, Bridget Carleton, Natisha Hiedeman, Kayla McBride",1628926-1629483-1629524-1629567-203825,02:30,-40.0,0.75,4,3,0.75,0,0,,0.5,0.0,0,0.0,0,100.0,-2,7,5,150,MIN,10,0.0,0,1628932-1629498-1631019-1642801-203833,2025,1611661319
0.5,1,160.0,0.666666666666667,3,2,0.666666666666667,0,0,,1.0,"Arike Ogunbowale, Luisa Geiselsöder, Haley Jones, Paige Bueckers, JJ Quinerly",1629481-1630143-1641650-1642784-1642808,01:56,-10.0,0.7,2,2,1.0,3,1,0.333333333333333,0.4,0.0,0,1.0,1,150.0,-2,8,6,116,DAL,9,0.5,2,1628932-1629498-1631019-1642801-203833,2025,1611661319
1.0,1,0.0,0.333333333333333,3,1,0.333333333333333,0,0,,0.0,"Sophie Cunningham, Lexie Hull, Aliyah Boston, Makayla Timpson, Sydney Colson",1629482-1631086-1641648-1642815-202641,01:45,66.6666666666667,0.0,0,0,,1,0,0.0,0.0,0.5,1,0.0,0,66.6666666666667,2,0,2,105,IND,5,0.0,0,1628932-1629498-1631019-1642801-203833,2025,1611661319
1.0,1,100.0,0.5,2,1,0.5,0,0,,0.0,"Brittney Sykes, Gabby Williams, Ezi Magbegor, Dominique Malonga, Erica Wheeler",1628279-1628931-1629496-1642798-204365,01:32,0.0,0.0,0,0,,1,0,0.0,2.0,0.0,0,,0,100.0,0,2,2,92,SEA,4,0.5,1,1628932-1629498-1631019-1642801-203833,2025,1611661319
1.0,2,66.6666666666667,0.5,1,1,1.0,1,0,0.0,1.0,"Temi Fágbénlé, Cecilia Zandalasini, Kaila Charles, Carla Leite, Tiffany Hayes",1627701-1628508-1630097-1642304-203026,01:26,8.33333333333334,0.333333333333333,2,1,0.5,1,0,0.0,0.0,0.0,0,0.0,0,75.0,1,2,3,86,GSV,7,0.25,1,1628932-1629498-1631019-1642801-203833,2025,1611661319
1.0,1,100.0,0.0,2,0,0.0,0,0,,0.0,"Courtney Williams, Napheesa Collier, Alanna Smith, Bridget Carleton, Kayla McBride",1627675-1629483-1629501-1629524-203825,01:24,-100.0,0.5,2,1,0.5,0,0,,0.0,0.0,0,0.0,0,0.0,-2,2,0,84,MIN,4,0.5,1,1628932-1629498-1631019-1642801-203833,2025,1611661319
0.0,0,100.0,1.5,0,0,,1,1,1.0,0.0,"Temi Fágbénlé, Veronica Burton, Laeticia Amihere, Carla Leite, Kate Martin",1627701-1631007-1641656-1642304-1642324,01:16,0.0,0.333333333333333,3,1,0.333333333333333,0,0,,0.0,0.5,1,,0,100.0,1,2,3,76,GSV,5,0.666666666666667,2,1628932-1629498-1631019-1642801-203833,2025,1611661319
0.0,0,150.0,0.0,1,0,0.0,0,0,,0.0,"Rachel Banham, Michaela Onyenwere, Sevgi Uzun, Kamilla Cardoso, Elizabeth Williams",1627671-1630446-1642244-1642289-204322,01:12,-150.0,0.25,3,1,0.333333333333333,1,0,0.0,0.5,0.0,0,0.0,0,0.0,-3,3,0,72,CHI,3,0.0,0,1628932-1629498-1631019-1642801-203833,2025,1611661319
1.0,3,0.0,1.5,0,0,,1,1,1.0,0.0,"Kelsey Plum, Azurá Stevens, Julie Vanloo, Sarah Ashlee Barker, Dearica Hamby",1628276-1628922-1642210-1642782-204324,01:01,150.0,0.0,2,0,0.0,1,0,0.0,0.0,0.0,0,,0,150.0,3,0,3,61,LAS,5,0.5,1,1628932-1629498-1631019-1642801-203833,2025,1611661319
0.0,0,200.0,1.0,2,2,1.0,0,0,,0.0,"Nia Coffey, Allisha Gray, Rhyne Howard, Te-Hina Paopao, Brittney Griner",1628269-1628277-1631009-1642804-203398,00:52,0.0,0.5,2,1,0.5,0,0,,0.0,0.0,0,,0,200.0,2,2,4,52,ATL,3,0.0,0,1628932-1629498-1631019-1642801-203833,2025,1611661319
,0,200.0,1.25,1,1,1.0,1,1,1.0,0.0,"Maria Kliundikova, Natisha Hiedeman, Jaylyn Sherrod, Camryn Taylor, Anastasiia Olairi Kosu",1628926-1629567-1642320-1642344-1642797,00:51,50.0,1.5,0,0,,1,1,1.0,2.0,0.0,0,,0,250.0,1,4,5,51,MIN,4,0.0,0,1628932-1629498-1631019-1642801-203833,2025,1611661319
0.5,1,100.0,1.0,1,1,1.0,0,0,,0.0,"Kaila Charles, Iliana Rupert, Carla Leite, Janelle Salaün, Tiffany Hayes",1630097-1630387-1642304-1642767-203026,00:44,100.0,0.0,1,0,0.0,1,0,0.0,1.0,0.0,0,,0,200.0,0,2,2,44,GSV,3,0.0,0,1628932-1629498-1631019-1642801-203833,2025,1611661319
,0,200.0,0.0,1,0,0.0,0,0,,0.0,"Kelsey Mitchell, Sophie Cunningham, Aari McDonald, Aliyah Boston, Natasha Howard",1628909-1629482-1630462-1641648-203827,00:41,-200.0,1.0,1,1,1.0,0,0,,2.0,0.0,0,0.0,0,0.0,-4,4,0,41,IND,3,0.0,0,1628932-1629498-1631019-1642801-203833,2025,1611661319
0.5,1,0.0,,0,0,,0,0,,,"Kelsey Mitchell, Sophie Cunningham, Aari McDonald, Aliyah Boston, Makayla Timpson",1628909-1629482-1630462-1641648-1642815,00:40,200.0,0.0,2,0,0.0,0,0,,0.0,0.0,0,,0,200.0,2,0,2,40,IND,2,0.0,0,1628932-1629498-1631019-1642801-203833,2025,1611661319
,0,,1.0,1,1,1.0,0,0,,0.0,"Kelsey Plum, Julie Vanloo, Cameron Brink, Sarah Ashlee Barker, Dearica Hamby",1628276-1642210-1642287-1642782-204324,00:33,,,0,0,,0,0,,,,0,,0,200.0,2,0,2,33,LAS,1,0.0,0,1628932-1629498-1631019-1642801-203833,2025,1611661319
,0,,1.0,1,1,1.0,0,0,,0.0,"Kaila Charles, Iliana Rupert, Veronica Burton, Carla Leite, Janelle Salaün",1630097-1630387-1631007-1642304-1642767,00:21,,,0,0,,0,0,,,,0,,0,200.0,2,0,2,21,GSV,1,0.0,0,1628932-1629498-1631019-1642801-203833,2025,1611661319
1.0,2,40.0,0.5,1,1,1.0,4,1,0.25,0.0,"Marina Mabrey, Aaliyah Edwards, Saniya Rivers, Tina Charles, Bria Hartley",1629497-1642290-1642809-202250-203829,02:09,43.3333333333333,0.333333333333333,2,1,0.5,1,0,0.0,0.0,0.4,2,0.0,0,83.3333333333333,3,2,5,129,CON,11,0.166666666666667,1,1628932-1629498-1631006-1642801-203833,2025,1611661319
1.0,1,133.333333333333,0.25,3,1,0.333333333333333,1,0,0.0,0.0,"Gabby Williams, Ezi Magbegor, Nneka Ogwumike, Skylar Diggins, Erica Wheeler",1628931-1629496-203014-203400-204365,01:42,-83.3333333333333,0.666666666666667,2,2,1.0,1,0,0.0,0.0,0.0,0,0.0,0,50.0,-2,4,2,102,SEA,7,0.0,0,1628932-1629498-1631006-1642801-203833,2025,1611661319
0.666666666666667,2,66.6666666666667,0.666666666666667,2,2,1.0,1,0,0.0,0.0,"Arike Ogunbowale, Li Yueru, DiJonai Carrington, Haley Jones, JJ Quinerly",1629481-1629574-1630096-1641650-1642808,01:19,66.6666666666667,0.25,2,1,0.5,2,0,0.0,0.0,0.0,0,0.0,0,133.333333333333,2,2,4,79,DAL,6,0.0,0,1628932-1629498-1631006-1642801-203833,2025,1611661319
0.0,0,200.0,1.0,1,1,1.0,0,0,,0.0,"Arike Ogunbowale, Li Yueru, DiJonai Carrington, Haley Jones, Grace Berger",1629481-1629574-1630096-1641650-1641658,01:18,-100.0,0.4,5,2,0.4,0,0,,0.0,0.0,0,,0,100.0,-2,4,2,78,DAL,4,0.5,1,1628932-1629498-1631006-1642801-203833,2025,1611661319
1.0,3,0.0,0.0,0,0,,1,0,0.0,0.0,"Marina Mabrey, Saniya Rivers, Tina Charles, Bria Hartley, Haley Peters",1629497-1642809-202250-203829-203863,01:07,0.0,0.0,2,0,0.0,1,0,0.0,0.0,0.0,0,1.0,1,0.0,0,0,0,67,CON,5,1.0,2,1628932-1629498-1631006-1642801-203833,2025,1611661319
1.0,1,0.0,0.5,0,0,,3,1,0.333333333333333,1.33333333333333,"Teaira McCowan, DiJonai Carrington, Luisa Geiselsöder, Grace Berger, Aziaha James",1629479-1630096-1630143-1641658-1642793,00:59,233.333333333333,0.0,0,0,,1,0,0.0,0.0,0.5,1,1.0,2,233.333333333333,7,0,7,59,DAL,5,0.0,0,1628932-1629498-1631006-1642801-203833,2025,1611661319
1.0,1,150.0,1.0,1,1,1.0,0,0,,0.0,"Li Yueru, DiJonai Carrington, Haley Jones, Grace Berger, Aziaha James",1629574-1630096-1641650-1641658-1642793,00:48,50.0,0.75,1,0,0.0,1,1,1.0,0.0,0.0,0,,0,200.0,-1,3,2,48,DAL,3,0.0,0,1628932-1629498-1631006-1642801-203833,2025,1611661319
0.0,0,133.333333333333,0.666666666666667,2,2,1.0,1,0,0.0,0.666666666666667,"Kia Nurse, Michaela Onyenwere, Sevgi Uzun, Angel Reese, Elizabeth Williams",1628915-1630446-1642244-1642291-204322,02:17,33.3333333333333,0.5,1,1,1.0,1,0,0.0,1.0,0.333333333333333,1,0.0,0,166.666666666667,1,4,5,137,CHI,6,0.0,0,1629498-1630389-1631019-203833-204319,2025,1611661319
1.0,1,66.6666666666667,0.5,2,1,0.5,0,0,,0.0,"Kelsey Plum, Rae Burrell, Julie Vanloo, Cameron Brink, Rickea Jackson",1628276-1630996-1642210-1642287-1642288,01:11,33.3333333333333,0.5,2,1,0.5,0,0,,0.0,0.333333333333333,1,0.0,0,100.0,0,2,2,71,LAS,5,0.0,0,1629498-1630389-1631019-203833-204319,2025,1611661319
,0,0.0,1.25,1,1,1.0,1,1,1.0,0.0,"Brittney Sykes, Shakira Austin, Jade Melbourne, Sonia Citron, Kiki Iriafen",1628279-1631022-1631141-1642785-1642792,00:49,250.0,,0,0,,0,0,,,1.0,1,,0,250.0,5,0,5,49,WAS,3,0.0,0,1629498-1630389-1631019-203833-204319,2025,1611661319
0.0,0,,1.0,1,1,1.0,0,0,,0.0,"Sug Sutton, Shakira Austin, Jade Melbourne, Sonia Citron, Kiki Iriafen",1630134-1631022-1631141-1642785-1642792,00:29,,0.0,1,0,0.0,0,0,,0.0,,0,,0,200.0,2,0,2,29,WAS,1,0.0,0,1629498-1630389-1631019-203833-204319,2025,1611661319
0.0,0,250.0,0.0,0,0,,1,0,0.0,0.0,"Breanna Stewart, Sabrina Ionescu, Kennedy Burke, Leonie Fiebich, Rebekah Gardner",1627668-1629477-1629568-1630142-203822,01:33,-250.0,0.5,2,2,1.0,2,0,0.0,0.25,0.0,0,0.0,0,0.0,-5,5,0,93,NYL,4,0.5,1,1629498-1631019-1642801-203833-204319,2025,1611661319
1.0,1,125.0,0.333333333333333,3,1,0.333333333333333,0,0,,0.0,"Kelsey Mitchell, Sophie Cunningham, Lexie Hull, Aliyah Boston, Sydney Colson",1628909-1629482-1631086-1641648-202641,01:28,-58.3333333333333,0.833333333333333,2,1,0.5,1,1,1.0,0.0,0.0,0,0.0,0,66.6666666666667,-3,5,2,88,IND,7,0.0,0,1629498-1631019-1642801-203833-204319,2025,1611661319
1.0,2,66.6666666666667,1.0,1,1,1.0,0,0,,0.0,"Breanna Stewart, Sabrina Ionescu, Marine Johannès, Kennedy Burke, Leonie Fiebich",1627668-1629477-1629546-1629568-1630142,01:12,33.3333333333333,0.0,1,0,0.0,1,0,0.0,1.0,0.0,0,,0,100.0,0,2,2,72,NYL,5,0.5,1,1629498-1631019-1642801-203833-204319,2025,1611661319
,0,500.0,1.5,0,0,,1,1,1.0,0.0,"Courtney Williams, Alanna Smith, Bridget Carleton, Diamond Miller, Kayla McBride",1627675-1629501-1629524-1641649-203825,01:12,-350.0,1.25,1,1,1.0,1,1,1.0,0.5,0.0,0,,0,150.0,-2,5,3,72,MIN,3,0.5,1,1629498-1631006-1642801-203833-204319,2025,1611661319
,0,,1.0,1,1,1.0,0,0,,0.0,"Breanna Stewart, Sabrina Ionescu, Kennedy Burke, Leonie Fiebich, Rebekah Gardner",1627668-1629477-1629568-1630142-203822,00:11,,,0,0,,0,0,,,,0,,0,200.0,2,0,2,11,NYL,1,0.0,0,1629498-1631006-1642801-203833-204319,2025,1611661319
,0,200.0,1.0,1,1,1.0,0,0,,2.0,"Breanna Stewart, Sabrina Ionescu, Marine Johannès, Kennedy Burke, Leonie Fiebich",1627668-1629477-1629546-1629568-1630142,01:26,0.0,1.0,2,2,1.0,0,0,,0.0,0.0,0,,0,200.0,0,4,4,86,NYL,4,0.0,0,1629498-1630389-1631019-1642801-203833,2025,1611661319
,0,233.333333333333,0.75,0,0,,2,1,0.5,0.0,"Maria Kliundikova, Natisha Hiedeman, Jaylyn Sherrod, Camryn Taylor, Anastasiia Olairi Kosu",1628926-1629567-1642320-1642344-1642797,01:18,-83.3333333333333,1.0,2,2,1.0,0,0,,1.5,0.0,0,0.0,0,150.0,-4,7,3,78,MIN,5,0.0,0,1629498-1630389-1631019-1642801-203833,2025,1611661319
,0,200.0,0.5,1,1,1.0,1,0,0.0,0.0,"Maria Kliundikova, Jessica Shepard, Natisha Hiedeman, Jaylyn Sherrod, Anastasiia Olairi Kosu",1628926-1629491-1629567-1642320-1642797,01:15,-100.0,1.0,2,2,1.0,0,0,,0.0,0.0,0,,0,100.0,-2,4,2,75,MIN,4,0.5,1,1629498-1630389-1631019-1642801-203833,2025,1611661319
,0,0.0,1.0,2,2,1.0,0,0,,0.0,"Courtney Williams, Jessica Shepard, Alanna Smith, Natisha Hiedeman, Kayla McBride",1627675-1629491-1629501-1629567-203825,00:48,200.0,,0,0,,0,0,,,1.0,1,,0,200.0,4,0,4,48,MIN,3,0.0,0,1629498-1630389-1631019-1642801-203833,2025,1611661319
1.0,1,0.0,1.0,1,1,1.0,0,0,,0.0,"Rachel Banham, Ariel Atkins, Kia Nurse, Angel Reese, Elizabeth Williams",1627671-1628878-1628915-1642291-204322,00:44,200.0,0.0,0,0,,1,0,0.0,0.0,0.0,0,,0,200.0,2,0,2,44,CHI,2,0.0,0,1629498-1630389-1631019-1642801-203833,2025,1611661319
,0,200.0,,0,0,,0,0,,,"Kelsey Mitchell, Sophie Cunningham, Lexie Hull, Makayla Timpson, Sydney Colson",1628909-1629482-1631086-1642815-202641,00:37,-200.0,1.0,1,1,1.0,0,0,,0.0,0.0,0,,0,0.0,-2,2,0,37,IND,2,1.0,1,1629498-1630389-1631019-1642801-203833,2025,1611661319
1.0,1,80.0,0.75,3,3,1.0,1,0,0.0,0.0,"Sug Sutton, Shakira Austin, Jade Melbourne, Sonia Citron, Kiki Iriafen",1630134-1631022-1631141-1642785-1642792,02:13,70.0,0.666666666666667,3,2,0.666666666666667,0,0,,0.0,0.4,2,0.0,0,150.0,2,4,6,133,WAS,9,0.0,0,1629498-1630389-1631006-1631019-203833,2025,1611661319
,0,100.0,0.0,1,0,0.0,0,0,,0.0,"Courtney Williams, Maria Kliundikova, Jessica Shepard, Bridget Carleton, Natisha Hiedeman",1627675-1628926-1629491-1629524-1629567,00:49,-100.0,1.0,1,1,1.0,0,0,,0.0,0.5,1,0.0,0,0.0,-2,2,0,49,MIN,4,0.5,1,1628932-1631006-1642801-203833-204319,2025,1611661319
1.0,1,0.0,0.0,0,0,,1,0,0.0,0.0,"Teaira McCowan, DiJonai Carrington, Luisa Geiselsöder, Aziaha James, JJ Quinerly",1629479-1630096-1630143-1642793-1642808,00:40,0.0,0.0,1,0,0.0,0,0,,0.0,0.666666666666667,2,0.0,0,0.0,0,0,0,40,DAL,5,0.5,1,1628932-1631006-1642801-203833-204319,2025,1611661319
,0,0.0,1.5,0,0,,1,1,1.0,2.0,"Teaira McCowan, DiJonai Carrington, Luisa Geiselsöder, Grace Berger, Aziaha James",1629479-1630096-1630143-1641658-1642793,00:31,250.0,,0,0,,0,0,,,1.0,1,,0,250.0,5,0,5,31,DAL,3,0.0,0,1628932-1631006-1642801-203833-204319,2025,1611661319
1.0,3,40.0,0.7,3,2,0.666666666666667,2,1,0.5,0.0,"Lindsay Allen, Jaelyn Brown, Jacy Sheldon, Tina Charles, Haley Peters",1628263-1642240-1642292-202250-203863,02:22,135.0,0.2,2,1,0.5,3,0,0.0,0.0,0.0,0,0.5,1,175.0,5,2,7,142,CON,9,0.0,0,1628932-1630389-1631006-1642801-203833,2025,1611661319
,0,175.0,0.833333333333333,2,1,0.5,1,1,1.0,0.0,"Napheesa Collier, Jessica Shepard, Bridget Carleton, Natisha Hiedeman, Kayla McBride",1629483-1629491-1629524-1629567-203825,02:05,-50.0,1.16666666666667,2,2,1.0,1,1,1.0,0.0,0.25,1,0.0,0,125.0,-2,7,5,125,MIN,8,0.25,1,1628932-1631006-1631019-1642801-203833,2025,1611661319
,0,150.0,1.25,1,1,1.0,1,1,1.0,0.0,"Maria Kliundikova, Jessica Shepard, Bridget Carleton, Natisha Hiedeman, Kayla McBride",1628926-1629491-1629524-1629567-203825,01:14,16.6666666666667,1.5,0,0,,1,1,1.0,0.0,0.5,1,,0,166.666666666667,2,3,5,74,MIN,5,0.333333333333333,1,1628932-1631006-1631019-1642801-203833,2025,1611661319
1.0,1,100.0,0.833333333333333,1,1,1.0,2,1,0.5,0.0,"Luisa Geiselsöder, Diamond Miller, Haley Jones, Paige Bueckers, Aziaha James",1630143-1641649-1641650-1642784-1642793,00:54,66.6666666666667,0.5,2,1,0.5,0,0,,0.0,0.0,0,0.0,0,166.666666666667,3,2,5,54,DAL,5,0.0,0,1628932-1631006-1631019-1642801-203833,2025,1611661319
,0,175.0,0.0,1,0,0.0,3,0,0.0,0.0,"Brittney Sykes, Gabby Williams, Ezi Magbegor, Dominique Malonga, Erica Wheeler",1628279-1628931-1629496-1642798-204365,01:50,-175.0,1.0,3,3,1.0,0,0,,0.666666666666667,0.0,0,0.25,1,0.0,-7,7,0,110,SEA,7,0.0,0,1630389-1631019-1642801-203833-204319,2025,1611661319
,0,200.0,0.75,1,0,0.0,1,1,1.0,0.0,"Olivia Nelson-Ododa, Aaliyah Edwards, Leïla Lacan, Saniya Rivers, Bria Hartley",1631135-1642290-1642303-1642809-203829,01:46,-100.0,1.0,3,3,1.0,0,0,,0.0,0.0,0,0.0,0,100.0,-3,6,3,106,CON,6,0.333333333333333,1,1630389-1631019-1642801-203833-204319,2025,1611661319
1.0,3,66.6666666666667,0.5,2,1,0.5,0,0,,0.0,"Kelsey Mitchell, Lexie Hull, Aliyah Boston, Makayla Timpson, Sydney Colson",1628909-1631086-1641648-1642815-202641,01:33,-16.6666666666667,0.25,4,1,0.25,0,0,,0.25,0.0,0,0.0,0,50.0,0,2,2,93,IND,7,0.5,2,1630389-1631019-1642801-203833-204319,2025,1611661319
,0,200.0,0.5,2,1,0.5,0,0,,0.0,"Sophie Cunningham, Aari McDonald, Lexie Hull, Aliyah Boston, Sydney Colson",1629482-1630462-1631086-1641648-202641,01:18,0.0,1.0,1,1,1.0,0,0,,2.0,0.0,0,1.0,1,200.0,-2,4,2,78,IND,3,0.0,0,1630389-1631019-1642801-203833-204319,2025,1611661319
,0,100.0,0.5,2,0,0.0,1,1,1.0,0.0,"Sophie Cunningham, Aari McDonald, Makayla Timpson, Sydney Colson, Natasha Howard",1629482-1630462-1642815-202641-203827,01:17,0.0,1.0,1,1,1.0,0,0,,0.0,0.5,1,0.0,0,100.0,1,2,3,77,IND,5,0.0,0,1630389-1631019-1642801-203833-204319,2025,1611661319
0.0,0,200.0,0.333333333333333,1,1,1.0,2,0,0.0,0.333333333333333,"Kelsey Plum, Rae Burrell, Julie Vanloo, Cameron Brink, Rickea Jackson",1628276-1630996-1642210-1642287-1642288,01:11,-100.0,0.333333333333333,2,1,0.5,1,0,0.0,0.666666666666667,0.0,0,0.0,0,100.0,-1,4,3,71,LAS,5,0.0,0,1630389-1631019-1642801-203833-204319,2025,1611661319
,0,200.0,1.5,0,0,,1,1,1.0,0.0,"Kelsey Mitchell, Sophie Cunningham, Lexie Hull, Makayla Timpson, Sydney Colson",1628909-1629482-1631086-1642815-202641,01:07,-50.0,1.0,1,1,1.0,0,0,,2.0,0.0,0,,0,150.0,-1,4,3,67,IND,4,0.5,1,1630389-1631019-1642801-203833-204319,2025,1611661319
0.5,1,0.0,1.0,1,1,1.0,0,0,,0.0,"Rachel Banham, Ariel Atkins, Kia Nurse, Angel Reese, Elizabeth Williams",1627671-1628878-1628915-1642291-204322,00:47,200.0,0.0,0,0,,2,0,0.0,0.0,0.0,0,,0,200.0,2,0,2,47,CHI,2,0.0,0,1630389-1631019-1642801-203833-204319,2025,1611661319
0.5,1,66.6666666666667,0.25,2,1,0.5,2,0,0.0,0.75,"Luisa Geiselsöder, Diamond Miller, Haley Jones, Aziaha James, JJ Quinerly",1630143-1641649-1641650-1642793-1642808,01:54,183.333333333333,0.25,3,1,0.333333333333333,1,0,0.0,0.0,0.333333333333333,1,0.666666666666667,2,250.0,3,2,5,114,DAL,5,0.0,0,1631006-1631019-1642801-203833-204319,2025,1611661319
1.0,3,57.1428571428571,0.9,1,0,0.0,4,3,0.75,0.0,"Kelsey Plum, Azurá Stevens, Julie Vanloo, Sarah Ashlee Barker, Dearica Hamby",1628276-1628922-1642210-1642782-204324,03:15,92.8571428571429,0.4,3,2,0.666666666666667,2,0,0.0,0.0,0.285714285714286,2,0.0,0,150.0,5,4,9,195,LAS,13,0.166666666666667,1,1628932-1629498-1630389-1631019-204319,2025,1611661319
0.75,3,83.3333333333333,0.7,4,2,0.5,1,1,1.0,0.0,"Olivia Nelson-Ododa, Leïla Lacan, Saniya Rivers, Tina Charles, Bria Hartley",1631135-1642303-1642809-202250-203829,02:52,56.6666666666667,0.416666666666667,4,1,0.25,2,1,0.5,0.0,0.166666666666667,1,0.5,1,140.0,2,5,7,172,CON,11,0.2,1,1628932-1629498-1630389-1631019-204319,2025,1611661319
1.0,4,0.0,0.666666666666667,3,2,0.666666666666667,0,0,,0.0,"Allisha Gray, Shatori Walker-Kimbrough, Brionna Jones, Naz Hillmon, Te-Hina Paopao",1628277-1628278-1628280-1631044-1642804,02:29,133.333333333333,0.0,1,0,0.0,3,0,0.0,0.0,0.2,1,0.0,0,133.333333333333,4,0,4,149,ATL,8,0.0,0,1628932-1629498-1630389-1631019-204319,2025,1611661319
1.0,2,0.0,1.0,2,1,0.5,2,2,1.0,0.0,"Rachel Banham, Kia Nurse, Michaela Onyenwere, Kamilla Cardoso, Maddy Westbeld",1627671-1628915-1630446-1642289-1642818,01:58,200.0,0.0,2,0,0.0,0,0,,0.0,0.5,2,0.0,0,200.0,8,0,8,118,CHI,8,0.0,0,1628932-1629498-1630389-1631019-204319,2025,1611661319
1.0,1,133.333333333333,0.0,1,0,0.0,2,0,0.0,1.66666666666667,"Allisha Gray, Brionna Jones, Jordin Canada, Naz Hillmon, Te-Hina Paopao",1628277-1628280-1628886-1631044-1642804,01:42,-8.33333333333333,0.666666666666667,2,2,1.0,1,0,0.0,0.0,0.0,0,0.333333333333333,1,125.0,1,4,5,102,ATL,7,0.0,0,1628932-1629498-1630389-1631019-204319,2025,1611661319
1.0,2,66.6666666666667,0.0,1,0,0.0,0,0,,2.0,"Kahleah Copper, Sami Whitcomb, Kathryn Westbeld, DeWanna Bonner, Alyssa Thomas",1627674-1628244-1628957-201886-203826,01:40,-16.6666666666667,0.333333333333333,3,1,0.333333333333333,0,0,,0.0,0.0,0,0.0,0,50.0,-1,2,1,100,PHX,5,0.5,1,1628932-1629498-1630389-1631019-204319,2025,1611661319
0.5,2,100.0,0.333333333333333,2,1,0.5,1,0,0.0,0.0,"Kaila Charles, Iliana Rupert, Carla Leite, Kate Martin, Kaitlyn Chen",1630097-1630387-1642304-1642324-1642822,01:30,-33.3333333333333,0.3,3,0,0.0,2,1,0.5,0.0,0.0,0,0.5,1,66.6666666666667,-1,3,2,90,GSV,6,0.333333333333333,1,1628932-1629498-1630389-1631019-204319,2025,1611661319
,0,266.666666666667,1.0,1,1,1.0,0,0,,0.0,"Marina Mabrey, Leïla Lacan, Aneesah Morrow, Tina Charles, Bria Hartley",1629497-1642303-1642800-202250-203829,01:22,-166.666666666667,1.33333333333333,1,1,1.0,2,2,1.0,0.0,0.0,0,,0,100.0,-6,8,2,82,CON,5,0.5,1,1628932-1629498-1630389-1631019-204319,2025,1611661319
0.0,0,200.0,0.0,1,0,0.0,1,0,0.0,0.0,"Arike Ogunbowale, Li Yueru, DiJonai Carrington, Haley Jones, JJ Quinerly",1629481-1629574-1630096-1641650-1642808,01:15,-200.0,0.666666666666667,3,2,0.666666666666667,0,0,,0.0,0.0,0,0.0,0,0.0,-4,4,0,75,DAL,4,0.0,0,1628932-1629498-1630389-1631019-204319,2025,1611661319
1.0,1,150.0,0.0,1,0,0.0,0,0,,0.0,"Kahleah Copper, Sami Whitcomb, Natasha Mack, DeWanna Bonner, Alyssa Thomas",1627674-1628244-1630442-201886-203826,01:06,-150.0,0.75,0,0,,2,1,0.5,0.0,0.0,0,0.0,0,0.0,-3,3,0,66,PHX,4,0.5,1,1628932-1629498-1630389-1631019-204319,2025,1611661319
,0,200.0,0.5,1,1,1.0,1,0,0.0,0.0,"Rachel Banham, Kia Nurse, Sevgi Uzun, Kamilla Cardoso, Maddy Westbeld",1627671-1628915-1642244-1642289-1642818,01:04,-100.0,,0,0,,0,0,,,0.0,0,,0,100.0,-2,4,2,64,CHI,4,0.0,0,1628932-1629498-1630389-1631019-204319,2025,1611661319
,0,200.0,,0,0,,0,0,,,"Nia Coffey, Allisha Gray, Brionna Jones, Rhyne Howard, Te-Hina Paopao",1628269-1628277-1628280-1631009-1642804,00:46,0.0,,0,0,,0,0,,,0.0,0,,0,200.0,0,2,2,46,ATL,2,0.0,0,1628932-1629498-1630389-1631019-204319,2025,1611661319
1.0,1,0.0,1.0,1,1,1.0,0,0,,2.0,"Rachel Banham, Kia Nurse, Michaela Onyenwere, Kamilla Cardoso, Elizabeth Williams",1627671-1628915-1630446-1642289-204322,00:40,200.0,0.0,1,0,0.0,0,0,,0.0,0.0,0,,0,200.0,4,0,4,40,CHI,3,0.0,0,1628932-1629498-1630389-1631019-204319,2025,1611661319
1.0,1,0.0,0.5,1,1,1.0,1,0,0.0,0.0,"Allisha Gray, Shatori Walker-Kimbrough, Brionna Jones, Jordin Canada, Naz Hillmon",1628277-1628278-1628280-1628886-1631044,00:36,100.0,0.0,1,0,0.0,0,0,,0.0,0.0,0,0.0,0,100.0,2,0,2,36,ATL,3,0.0,0,1628932-1629498-1630389-1631019-204319,2025,1611661319
1.0,4,40.0,0.7,2,2,1.0,3,1,0.333333333333333,0.4,"Sug Sutton, Aaliyah Edwards, Sonia Citron, Lucy Olsen, Stefanie Dolson",1630134-1642290-1642785-1642802-203828,02:15,120.0,0.2,3,1,0.333333333333333,2,0,0.0,0.0,0.0,0,0.5,1,160.0,6,2,8,135,WAS,10,0.0,0,1628932-1629498-1630389-1642801-204319,2025,1611661319
0.5,2,80.0,0.0,3,0,0.0,1,0,0.0,0.5,"Kelsey Mitchell, Sophie Cunningham, Aari McDonald, Lexie Hull, Natasha Howard",1628909-1629482-1630462-1631086-203827,01:55,-55.0,0.333333333333333,5,2,0.4,1,0,0.0,0.0,0.2,1,0.5,2,25.0,-3,4,1,115,IND,9,0.25,1,1628932-1629498-1630389-1642801-204319,2025,1611661319
1.0,1,100.0,1.5,0,0,,1,1,1.0,5.0,"Kaila Charles, Iliana Rupert, Veronica Burton, Kate Martin, Janelle Salaün",1630097-1630387-1631007-1642324-1642767,01:44,100.0,0.5,2,1,0.5,0,0,,1.0,0.0,0,,0,200.0,4,4,8,104,GSV,8,0.25,1,1628932-1629498-1630389-1642801-204319,2025,1611661319
0.5,1,0.0,0.75,1,0,0.0,1,1,1.0,0.0,"Kaila Charles, Iliana Rupert, Carla Leite, Kate Martin, Janelle Salaün",1630097-1630387-1642304-1642324-1642767,01:21,150.0,0.0,1,0,0.0,1,0,0.0,0.0,0.666666666666667,2,0.0,0,150.0,3,0,3,81,GSV,5,0.0,0,1628932-1629498-1630389-1642801-204319,2025,1611661319
0.5,1,200.0,0.666666666666667,2,2,1.0,1,0,0.0,0.0,"Julie Allemand, Kelsey Plum, Azurá Stevens, Sarah Ashlee Barker, Dearica Hamby",1627700-1628276-1628922-1642782-204324,01:20,-66.6666666666667,0.625,2,1,0.5,2,1,0.5,0.25,0.0,0,0.0,0,133.333333333333,-2,6,4,80,LAS,6,0.0,0,1628932-1629498-1630389-1642801-204319,2025,1611661319
1.0,1,150.0,0.5,1,1,1.0,1,0,0.0,0.5,"Kelsey Mitchell, Sophie Cunningham, Lexie Hull, Sydney Colson, Natasha Howard",1628909-1629482-1631086-202641-203827,00:44,0.0,0.5,1,1,1.0,1,0,0.0,0.5,0.0,0,0.0,0,150.0,0,3,3,44,IND,4,0.0,0,1628932-1629498-1630389-1642801-204319,2025,1611661319
1.0,1,0.0,0.0,1,0,0.0,1,0,0.0,0.0,"Cecilia Zandalasini, Kaila Charles, Iliana Rupert, Veronica Burton, Carla Leite",1628508-1630097-1630387-1631007-1642304,00:43,0.0,0.0,0,0,,1,0,0.0,0.0,0.0,0,0.5,1,0.0,0,0,0,43,GSV,2,0.0,0,1628932-1629498-1630389-1642801-204319,2025,1611661319
0.0,0,0.0,1.0,1,1,1.0,0,0,,0.0,"Kaila Charles, Iliana Rupert, Veronica Burton, Carla Leite, Janelle Salaün",1630097-1630387-1631007-1642304-1642767,00:39,200.0,0.0,0,0,,1,0,0.0,0.0,1.0,2,,0,200.0,2,0,2,39,GSV,3,0.0,0,1628932-1629498-1630389-1642801-204319,2025,1611661319
0.666666666666667,4,0.0,0.875,2,2,1.0,2,1,0.5,0.0,"Allisha Gray, Brionna Jones, Maya Caldwell, Rhyne Howard, Naz Hillmon",1628277-1628280-1630471-1631009-1631044,02:29,140.0,0.0,4,0,0.0,2,0,0.0,0.0,0.166666666666667,1,0.0,0,140.0,7,0,7,149,ATL,11,0.2,1,1628932-1629498-1630389-1631006-204319,2025,1611661319
1.0,1,100.0,0.583333333333333,3,2,0.666666666666667,3,1,0.333333333333333,0.166666666666667,"Sami Whitcomb, Kathryn Westbeld, Monique Akoa Makani, DeWanna Bonner, Alyssa Thomas",1628244-1628957-1642777-201886-203826,02:26,60.0,0.5,1,1,1.0,1,0,0.0,1.0,0.25,1,0.333333333333333,1,160.0,4,4,8,146,PHX,9,0.0,0,1628932-1629498-1630389-1631006-204319,2025,1611661319
1.0,1,0.0,0.25,2,1,0.5,2,0,0.0,0.0,"Courtney Williams, Napheesa Collier, Jessica Shepard, Bridget Carleton, Natisha Hiedeman",1627675-1629483-1629491-1629524-1629567,01:49,50.0,0.0,1,0,0.0,0,0,,0.0,0.666666666666667,2,0.5,1,50.0,2,0,2,109,MIN,7,0.25,1,1628932-1629498-1630389-1631006-204319,2025,1611661319
0.5,1,0.0,1.0,2,1,0.5,2,2,1.0,0.0,"Nia Coffey, Maya Caldwell, Rhyne Howard, Te-Hina Paopao, Brittney Griner",1628269-1630471-1631009-1642804-203398,01:47,200.0,0.0,1,0,0.0,1,0,0.0,0.0,0.666666666666667,2,0.0,0,200.0,8,0,8,107,ATL,7,0.0,0,1628932-1629498-1630389-1631006-204319,2025,1611661319
1.0,1,133.333333333333,0.75,1,0,0.0,1,1,1.0,0.0,"Sug Sutton, Emily Engstler, Sonia Citron, Kiki Iriafen, Alysha Clark",1630134-1631083-1642785-1642792-202252,01:31,-33.3333333333333,0.666666666666667,3,2,0.666666666666667,0,0,,0.0,0.0,0,0.0,0,100.0,-1,4,3,91,WAS,6,0.333333333333333,1,1628932-1629498-1630389-1631006-204319,2025,1611661319
1.0,2,50.0,0.0,2,0,0.0,1,0,0.0,0.333333333333333,"Sami Whitcomb, Kathryn Westbeld, Lexi Held, DeWanna Bonner, Alyssa Thomas",1628244-1628957-1631118-201886-203826,01:30,-16.6666666666667,0.0,2,0,0.0,0,0,,1.0,0.25,1,0.333333333333333,1,33.3333333333333,-1,2,1,90,PHX,7,0.333333333333333,1,1628932-1629498-1630389-1631006-204319,2025,1611661319
0.5,1,125.0,1.0,1,0,0.0,2,2,1.0,0.0,"Myisha Hines-Allen, Diamond Miller, Maddy Siegrist, Aziaha James, JJ Quinerly",1628899-1641649-1641652-1642793-1642808,01:29,25.0,0.5,4,2,0.5,0,0,,0.25,0.25,1,0.0,0,150.0,1,5,6,89,DAL,8,0.25,1,1628932-1629498-1630389-1631006-204319,2025,1611661319
1.0,1,0.0,0.5,2,1,0.5,0,0,,0.0,"Sika Koné, Emily Engstler, Jade Melbourne, Sonia Citron, Lucy Olsen",1631021-1631083-1631141-1642785-1642802,01:00,100.0,0.0,0,0,,1,0,0.0,0.0,0.5,1,1.0,1,100.0,2,0,2,60,WAS,4,0.5,1,1628932-1629498-1630389-1631006-204319,2025,1611661319
,0,100.0,0.0,0,0,,1,0,0.0,0.0,"Sami Whitcomb, Natasha Mack, Monique Akoa Makani, DeWanna Bonner, Alyssa Thomas",1628244-1630442-1642777-201886-203826,00:51,-100.0,1.0,1,1,1.0,0,0,,0.0,0.5,1,0.0,0,0.0,-2,2,0,51,PHX,3,0.0,0,1628932-1629498-1630389-1631006-204319,2025,1611661319
,0,0.0,1.5,0,0,,1,1,1.0,0.0,"Myisha Hines-Allen, Maddy Siegrist, Paige Bueckers, Aziaha James, JJ Quinerly",1628899-1641652-1642784-1642793-1642808,00:37,300.0,,0,0,,0,0,,,1.0,1,,0,300.0,3,0,3,37,DAL,2,0.0,0,1628932-1629498-1630389-1631006-204319,2025,1611661319
1.0,1,100.0,0.0,0,0,,1,0,0.0,4.0,"Kelsey Mitchell, Sophie Cunningham, Aliyah Boston, Makayla Timpson, Sydney Colson",1628909-1629482-1641648-1642815-202641,01:21,0.0,0.5,1,1,1.0,1,0,0.0,0.0,0.0,0,0.0,0,100.0,1,2,3,81,IND,5,0.0,0,1628932-1629498-1630389-1631019-1642801,2025,1611661319
,0,200.0,1.0,1,1,1.0,0,0,,0.0,"Olivia Nelson-Ododa, Jacy Sheldon, Leïla Lacan, Tina Charles, Bria Hartley",1631135-1642292-1642303-202250-203829,01:20,-100.0,1.0,2,2,1.0,0,0,,1.5,0.0,0,,0,100.0,-4,6,2,80,CON,5,0.5,1,1628932-1629498-1630389-1631019-1642801,2025,1611661319
1.0,2,0.0,1.0,2,2,1.0,0,0,,0.0,"Myisha Hines-Allen, Arike Ogunbowale, Li Yueru, Paige Bueckers, JJ Quinerly",1628899-1629481-1629574-1642784-1642808,00:38,200.0,0.0,2,0,0.0,0,0,,0.0,0.0,0,,0,200.0,4,0,4,38,DAL,4,0.0,0,1628932-1629498-1630389-1631019-1642801,2025,1611661319
0.0,0,,0.0,0,0,,1,0,0.0,0.0,"Monique Billings, Carla Leite, Janelle Salaün, Tiffany Hayes, Kayla Thornton",1628881-1642304-1642767-203026-203866,00:29,,0.0,0,0,,1,0,0.0,2.0,,0,0.0,0,0.0,-1,1,0,29,GSV,1,0.0,0,1628932-1629498-1630389-1631019-1642801,2025,1611661319
