Player,Team,Match Up,Game Date,win_loss,MIN,OffRtg,DefRtg,NetRtg,AST%,AST_TOV,AST_Ratio,OREB%,DREB%,REB%,TOV_Ratio,eFG%,TS%,USG%,PACE,PACE_40,PIE,season_type
A'ja Wilson,LVA,LVA @ LAS,9/11/2025,W,33,126,81.9,44.1,0.154,4,0.174,0.147,0.389,0.271,0.043,0.618,0.643,0.229,104.4,87.0,21.6,2
A'ja Wilson,LVA,LVA vs. CHI,9/9/2025,W,25,128.3,81.8,46.4,0.222,4,0.286,0.053,0.148,0.109,0.071,0.500,0.628,0.200,85.0,70.9,21.1,2
A'ja Wilson,LVA,LVA vs. CHI,9/7/2025,W,32,110.9,85.7,25.2,0.125,2,0.080,0.107,0.222,0.172,0.040,0.650,0.698,0.329,95.0,79.1,33.3,2
A'ja Wilson,LVA,LVA vs. MIN,9/4/2025,W,35,124.6,102.8,21.8,0.091,2,0.095,0.038,0.226,0.140,0.048,0.833,0.857,0.253,96.1,80.0,22.1,2
A'ja Wilson,LVA,LVA @ ATL,8/27/2025,W,35,116.7,95.5,21.1,0.059,1,0.037,0.000,0.225,0.130,0.037,0.667,0.693,0.371,91.5,76.2,24.3,2
A'ja Wilson,LVA,LVA @ CHI,8/25/2025,W,35,98.6,93.2,5.4,0.158,0.75,0.111,0.029,0.222,0.129,0.148,0.417,0.455,0.320,98.8,82.4,11.1,2
A'ja Wilson,LVA,LVA @ WAS,8/23/2025,W,33,115.6,103,12.6,0.077,0.33,0.034,0.111,0.303,0.217,0.103,0.659,0.705,0.418,95.9,79.9,26.4,2
A'ja Wilson,LVA,LVA vs. PHX,8/21/2025,W,30,103.5,89.5,14,0.059,1,0.050,0.094,0.263,0.186,0.050,0.438,0.510,0.302,91.9,76.6,21,2
A'ja Wilson,LVA,LVA vs. ATL,8/19/2025,W,37,106,92.6,13.3,0.250,2,0.121,0.121,0.200,0.164,0.061,0.542,0.601,0.372,87.1,72.6,33.5,2
A'ja Wilson,LVA,LVA vs. DAL,8/17/2025,W,31,129,109.7,19.4,0.063,1,0.042,0.040,0.233,0.145,0.042,0.719,0.767,0.354,97.6,81.3,24.2,2
A'ja Wilson,LVA,LVA @ PHX,8/15/2025,W,34,107.6,94.1,13.5,0.059,0.5,0.038,0.152,0.297,0.229,0.077,0.500,0.664,0.329,95.0,79.2,28.3,2
A'ja Wilson,LVA,LVA vs. NYL,8/13/2025,W,34,107.6,107.7,-0.1,0.235,0,0.174,0.167,0.323,0.239,0.000,0.214,0.451,0.232,91.7,76.4,22.4,2
A'ja Wilson,LVA,LVA vs. CON,8/10/2025,W,37,118.9,95.9,23,0.250,0.83,0.132,0.194,0.394,0.290,0.158,0.520,0.579,0.363,96.8,80.7,24,2
A'ja Wilson,LVA,LVA vs. SEA,8/8/2025,W,35,122.9,102.9,20,0.167,1.5,0.094,0.094,0.265,0.182,0.063,0.479,0.527,0.354,96.1,80.1,15.1,2
A'ja Wilson,LVA,LVA @ GSV,8/6/2025,W,33,116.1,90,26.1,0.176,1,0.136,0.111,0.121,0.117,0.136,0.727,0.852,0.260,90.1,75.1,36,2
A'ja Wilson,LVA,LVA vs. GSV,8/3/2025,W,29,126.3,82.1,44.2,0.105,2,0.100,0.188,0.235,0.212,0.050,0.382,0.391,0.250,93.7,78.1,17,2
A'ja Wilson,LVA,LVA vs. MIN,8/2/2025,L,22,86,145.5,-59.4,0.182,1,0.125,0.043,0.364,0.147,0.125,0.409,0.421,0.292,96.3,80.3,5.4,2
A'ja Wilson,LVA,LVA @ LAS,7/29/2025,W,30,121.7,77,44.6,0.286,1.33,0.133,0.097,0.219,0.159,0.100,0.717,0.725,0.356,97.6,81.3,35.4,2
A'ja Wilson,LVA,LVA @ DAL,7/27/2025,W,34,138.2,101.5,36.8,0.259,2.33,0.333,0.030,0.200,0.128,0.143,0.550,0.618,0.173,96.9,80.8,17.2,2
A'ja Wilson,LVA,LVA @ MIN,7/25/2025,L,24,104.3,140.4,-36.1,0.250,0,0.176,0.111,0.174,0.140,0.000,0.455,0.550,0.259,92.4,77.0,16.7,2
A'ja Wilson,LVA,LVA @ IND,7/24/2025,L,30,105,103.4,1.6,0.118,0.4,0.074,0.000,0.222,0.111,0.185,0.412,0.509,0.373,95.8,79.8,14,2
A'ja Wilson,LVA,LVA vs. ATL,7/22/2025,W,31,101.5,86.8,14.8,0.313,5,0.185,0.029,0.367,0.188,0.037,0.500,0.569,0.306,104.6,87.2,30.6,2
A'ja Wilson,LVA,LVA @ DAL,7/16/2025,W,34,104.2,105.6,-1.4,0.143,0.5,0.057,0.054,0.186,0.125,0.114,0.600,0.611,0.393,101.5,84.5,19.5,2
A'ja Wilson,LVA,LVA vs. GSV,7/12/2025,W,33,139.1,130.8,8.3,0.250,0,0.160,0.185,0.355,0.276,0.000,0.781,0.799,0.288,93.8,78.2,31.6,2
A'ja Wilson,LVA,LVA @ NYL,7/8/2025,L,14,113.8,103.6,10.2,0.167,0,0.333,0.000,0.250,0.121,0.000,0.000,0.258,0.125,96.8,80.7,7.8,2
A'ja Wilson,LVA,LVA @ CON,7/6/2025,W,24,127.7,89.1,38.5,0.000,0,0.000,0.000,0.136,0.073,0.083,0.850,0.839,0.226,92.3,76.9,23.1,2
A'ja Wilson,LVA,LVA @ IND,7/3/2025,L,26,73.6,107.7,-34.1,0.500,0.33,0.037,0.000,0.115,0.054,0.111,0.500,0.611,0.426,96.9,80.7,29.2,2
A'ja Wilson,LVA,LVA @ PHX,6/29/2025,W,35,108.5,101.4,7,0.438,2.33,0.200,0.091,0.366,0.243,0.086,0.400,0.523,0.354,95.3,79.4,27.9,2
A'ja Wilson,LVA,LVA vs. WAS,6/26/2025,L,32,104.8,107.9,-3.2,0.105,0,0.087,0.000,0.135,0.081,0.000,0.444,0.522,0.313,93.4,77.9,15.6,2
A'ja Wilson,LVA,LVA vs. CON,6/25/2025,W,27,127.3,67.3,60,0.222,0,0.174,0.038,0.206,0.133,0.000,0.500,0.577,0.297,96.6,80.5,30.1,2
A'ja Wilson,LVA,LVA vs. IND,6/22/2025,W,34,105.5,102.8,2.7,0.100,0.67,0.067,0.026,0.200,0.103,0.100,0.381,0.472,0.329,100.9,84.1,10.3,2
A'ja Wilson,LVA,LVA vs. SEA,6/20/2025,L,34,98.6,108.6,-10,0.118,0.29,0.077,0.036,0.371,0.222,0.269,0.545,0.598,0.324,97.6,81.3,15.8,2
A'ja Wilson,LVA,LVA vs. LAS,6/11/2025,L,28,103.5,101.7,1.8,0.357,5,0.217,0.057,0.273,0.140,0.043,0.167,0.396,0.273,98.9,82.4,16.2,2
A'ja Wilson,LVA,LVA @ GSV,6/7/2025,L,27,82.5,116.1,-33.6,0.200,0.4,0.083,0.036,0.217,0.118,0.208,0.385,0.515,0.349,101.5,84.5,9.2,2
A'ja Wilson,LVA,LVA @ SEA,6/1/2025,W,35,87,87,0,0.231,1,0.107,0.108,0.088,0.099,0.107,0.432,0.432,0.321,95.1,79.3,15.3,2
A'ja Wilson,LVA,LVA vs. LAS,5/30/2025,W,36,116.2,84,32.2,0.333,6,0.207,0.081,0.294,0.183,0.034,0.694,0.781,0.277,100.0,83.3,38.9,2
A'ja Wilson,LVA,LVA @ SEA,5/25/2025,L,28,96.6,131,-34.4,0.250,1.33,0.190,0.000,0.278,0.111,0.143,0.455,0.550,0.262,100.0,83.3,11.7,2
A'ja Wilson,LVA,LVA vs. WAS,5/23/2025,W,38,98.6,83.8,14.9,0.263,1.67,0.217,0.047,0.278,0.152,0.130,0.423,0.508,0.214,94.3,78.6,21,2
A'ja Wilson,LVA,LVA @ CON,5/20/2025,W,29,111.9,70.7,41.2,0.308,2,0.143,0.091,0.212,0.152,0.071,0.375,0.517,0.338,96.4,80.4,33.1,2
A'ja Wilson,LVA,LVA @ NYL,5/17/2025,L,36,104.1,112.2,-8.1,0.188,0.75,0.097,0.045,0.378,0.198,0.129,0.523,0.607,0.333,98.7,82.2,23.6,2
Aaliyah Nye,LVA,LVA @ LAS,9/11/2025,W,19,109.8,93,16.7,0.133,0,0.222,0.000,0.105,0.053,0.000,0.429,0.429,0.149,105.0,87.5,4.5,2
Aaliyah Nye,LVA,LVA vs. CHI,9/9/2025,W,26,127.7,70.2,57.4,0.095,2,0.250,0.000,0.033,0.020,0.125,0.200,0.200,0.115,85.9,71.6,-5.2,2
Aaliyah Nye,LVA,LVA vs. CHI,9/7/2025,W,11,65,85,-20,0.200,0,0.250,0.000,0.111,0.043,0.000,0.000,0.000,0.130,87.3,72.7,-8.7,2
Aaliyah Nye,LVA,LVA vs. MIN,9/4/2025,W,16,132.3,109.4,22.9,0.000,0,0.000,0.000,0.154,0.087,0.000,0.750,0.750,0.121,94.8,79.0,8.1,2
Aaliyah Nye,LVA,LVA @ ATL,8/27/2025,W,3,142.9,85.7,57.1,0.000,0,0.000,0.000,0.000,0.000,0.000,0.000,0.000,0.000,107.8,89.8,-6.1,2
Aaliyah Nye,LVA,LVA @ CHI,8/25/2025,W,3,80,40,40,0.000,0,0.000,0.000,0.000,0.000,0.000,0.000,0.000,0.000,87.3,72.7,0,2
Aaliyah Nye,LVA,LVA @ WAS,8/23/2025,W,2,0,200,-200,0.000,0,0.000,0.000,0.000,0.000,1.000,0.000,0.000,0.250,126.6,105.5,-33.3,2
Aaliyah Nye,LVA,LVA vs. PHX,8/21/2025,W,10,75,47.6,27.4,0.000,0,0.000,0.000,0.071,0.040,0.000,0.000,0.000,0.000,98.1,81.7,7.8,2
Aaliyah Nye,LVA,LVA vs. ATL,8/19/2025,W,5,90,154.5,-64.5,0.000,0,0.000,0.250,0.000,0.143,0.500,0.000,0.000,0.182,101.8,84.9,-9.3,2
Aaliyah Nye,LVA,LVA vs. DAL,8/17/2025,W,10,123.8,105,18.8,0.000,0,0.000,0.000,0.000,0.000,0.000,0.200,0.340,0.261,100.3,83.6,2.1,2
Aaliyah Nye,LVA,LVA @ PHX,8/15/2025,W,11,109.5,152.4,-42.9,0.286,0,0.500,0.111,0.200,0.143,0.000,0.500,0.500,0.087,89.7,74.8,6.9,2
Aaliyah Nye,LVA,LVA vs. NYL,8/13/2025,W,11,110,89.5,20.5,0.000,0,0.000,0.077,0.000,0.040,0.143,0.250,0.250,0.292,85.4,71.1,-6,2
Aaliyah Nye,LVA,LVA vs. CON,8/10/2025,W,7,78.6,100,-21.4,0.250,1,0.250,0.125,0.400,0.231,0.250,0.000,0.000,0.176,98.3,82.0,1.9,2
Aaliyah Nye,LVA,LVA vs. SEA,8/8/2025,W,8,71.4,130.8,-59.3,0.000,0,0.000,0.000,0.000,0.000,0.000,0.000,0.000,0.000,85.8,71.5,-4.4,2
Aaliyah Nye,LVA,LVA @ GSV,8/6/2025,W,15,80.6,84.8,-4.2,0.111,1,0.143,0.000,0.071,0.034,0.143,0.000,0.000,0.171,101.6,84.7,-18.2,2
Aaliyah Nye,LVA,LVA vs. GSV,8/3/2025,W,19,143.2,102.5,40.7,0.067,1,0.125,0.100,0.167,0.136,0.125,0.667,0.667,0.146,97.0,80.8,12.4,2
Aaliyah Nye,LVA,LVA vs. MIN,8/2/2025,L,21,70.7,126.8,-56.1,0.111,0,0.143,0.000,0.105,0.047,0.000,0.500,0.500,0.130,93.0,77.5,7.4,2
Aaliyah Nye,LVA,LVA @ LAS,7/29/2025,W,10,54.5,95.7,-41.1,0.000,0,0.000,0.000,0.154,0.080,0.333,0.375,0.375,0.273,113.5,94.6,0,2
Aaliyah Nye,LVA,LVA @ DAL,7/27/2025,W,15,153.3,89.7,63.7,0.000,0,0.000,0.083,0.095,0.091,0.000,0.500,0.500,0.083,97.5,81.3,5.6,2
Aaliyah Nye,LVA,LVA @ MIN,7/25/2025,L,24,91.8,129.2,-37.3,0.000,0,0.000,0.037,0.111,0.067,0.111,0.357,0.444,0.164,99.0,82.5,4.1,2
Aaliyah Nye,LVA,LVA @ IND,7/24/2025,L,16,54.3,83.9,-29.6,0.000,0,0.000,0.043,0.048,0.045,0.250,0.000,0.000,0.095,96.6,80.5,-6.1,2
Aaliyah Nye,LVA,LVA vs. ATL,7/22/2025,W,14,63.3,103.4,-40.1,0.200,0.5,0.167,0.000,0.071,0.034,0.333,0.333,0.333,0.161,103.7,86.5,-2.7,2
Aaliyah Nye,LVA,LVA @ DAL,7/16/2025,W,23,117.6,107.7,10,0.063,1,0.091,0.000,0.069,0.036,0.091,0.722,0.722,0.167,105.9,88.3,8.6,2
Aaliyah Nye,LVA,LVA vs. GSV,7/12/2025,W,20,120.9,117.9,3,0.000,0,0.000,0.071,0.111,0.094,0.333,0.500,0.500,0.128,99.2,82.6,1.8,2
Aaliyah Nye,LVA,LVA @ WAS,7/10/2025,L,14,83.9,76.7,7.2,0.125,0,0.500,0.000,0.143,0.071,0.000,1.000,1.000,0.029,101.9,84.9,19,2
Aaliyah Nye,LVA,LVA @ NYL,7/8/2025,L,18,85.3,105.6,-20.3,0.100,0,0.250,0.000,0.000,0.000,0.000,0.000,0.000,0.081,91.8,76.5,-7.9,2
Aaliyah Nye,LVA,LVA @ CON,7/6/2025,W,21,90.2,85,5.2,0.000,0,0.000,0.000,0.000,0.000,0.286,0.500,0.500,0.156,94.5,78.8,-1.8,2
Aaliyah Nye,LVA,LVA @ IND,7/3/2025,L,26,62.5,110,-47.5,0.375,1.5,0.300,0.000,0.133,0.042,0.200,0.300,0.368,0.119,90.0,75.0,2.1,2
Aaliyah Nye,LVA,LVA @ PHX,6/29/2025,W,20,138.5,110.5,27.9,0.000,0,0.000,0.000,0.048,0.027,0.000,1.071,1.015,0.178,92.4,77.0,14.7,2
Aaliyah Nye,LVA,LVA vs. WAS,6/26/2025,L,22,113,122.7,-9.7,0.000,0,0.000,0.000,0.176,0.083,0.000,0.333,0.333,0.063,99.0,82.5,2.1,2
Aaliyah Nye,LVA,LVA vs. CON,6/25/2025,W,23,89.1,63.8,25.3,0.154,2,0.286,0.000,0.061,0.035,0.143,0.000,0.000,0.094,97.5,81.2,-6,2
Aaliyah Nye,LVA,LVA vs. IND,6/22/2025,W,27,112.1,94.5,17.5,0.000,0,0.000,0.000,0.000,0.000,0.000,0.786,0.786,0.106,102.2,85.2,8.2,2
Aaliyah Nye,LVA,LVA vs. SEA,6/20/2025,L,24,110.2,114.6,-4.4,0.000,0,0.000,0.050,0.000,0.022,0.100,0.722,0.722,0.185,96.3,80.3,7,2
Aaliyah Nye,LVA,LVA @ MIN,6/17/2025,L,15,82.8,132.1,-49.4,0.000,0,0.000,0.071,0.111,0.094,0.167,0.700,0.700,0.182,90.7,75.6,12.7,2
Aaliyah Nye,LVA,LVA vs. PHX,6/15/2025,L,15,93.5,100,-6.5,0.222,0,0.400,0.000,0.053,0.026,0.000,0.000,0.258,0.077,95.1,79.2,-1.2,2
Aaliyah Nye,LVA,LVA vs. DAL,6/13/2025,W,22,126.5,91.7,34.9,0.000,0,0.000,0.000,0.190,0.098,0.143,0.417,0.417,0.123,107.4,89.5,2.5,2
Aaliyah Nye,LVA,LVA vs. LAS,6/11/2025,L,21,118.2,122.9,-4.7,0.000,0,0.000,0.091,0.071,0.083,0.000,0.000,0.000,0.082,104.6,87.1,-5.2,2
Aaliyah Nye,LVA,LVA @ GSV,6/7/2025,L,26,83.3,109.3,-25.9,0.091,0.5,0.077,0.000,0.077,0.037,0.154,0.611,0.658,0.203,99.0,82.5,8.5,2
Aaliyah Nye,LVA,LVA @ SEA,6/1/2025,W,11,100,72,28,0.000,0,0.000,0.000,0.200,0.059,0.000,0.583,0.644,0.269,104.4,87.0,23.3,2
Aaliyah Nye,LVA,LVA vs. LAS,5/30/2025,W,6,91.7,136.4,-44.7,0.000,0,0.000,0.000,0.000,0.000,0.000,0.000,0.000,0.000,99.8,83.1,0,2
Aaliyah Nye,LVA,LVA @ SEA,5/25/2025,L,18,120,108.3,11.7,0.091,0,0.250,0.000,0.000,0.000,0.000,1.500,1.215,0.077,96.8,80.7,7.2,2
Aaliyah Nye,LVA,LVA vs. WAS,5/23/2025,W,10,95.2,59.1,36.1,0.000,0,0.000,0.000,0.091,0.040,0.000,0.000,0.000,0.080,107.9,89.9,-5.6,2
Aaliyah Nye,LVA,LVA @ CON,5/20/2025,W,12,66.7,88,-21.3,0.000,0,0.000,0.000,0.000,0.000,0.250,0.500,0.500,0.160,98.1,81.8,-3.6,2
Aaliyah Nye,LVA,LVA @ NYL,5/17/2025,L,4,28.6,128.6,-100,0.000,0,0.000,0.111,0.000,0.091,0.000,0.000,0.000,0.200,85.1,70.9,-29.2,2
Chelsea Gray,LVA,LVA @ LAS,9/11/2025,W,33,123.5,79.4,44.1,0.385,5,0.455,0.057,0.111,0.085,0.091,0.750,0.750,0.154,100.4,83.7,18.7,2
Chelsea Gray,LVA,LVA vs. CHI,9/9/2025,W,29,109.8,92.3,17.5,0.313,2.5,0.294,0.045,0.179,0.120,0.118,0.500,0.500,0.218,86.7,72.2,14.9,2
Chelsea Gray,LVA,LVA vs. CHI,9/7/2025,W,32,107.9,78.1,29.8,0.174,1.33,0.250,0.000,0.143,0.076,0.188,0.722,0.722,0.169,95.0,79.1,13.2,2
Chelsea Gray,LVA,LVA vs. MIN,9/4/2025,W,34,127.3,120.6,6.7,0.357,2.5,0.357,0.000,0.069,0.036,0.143,0.423,0.468,0.250,95.1,79.3,7,2
Chelsea Gray,LVA,LVA @ ATL,8/27/2025,W,33,106.7,111.5,-4.8,0.250,2.5,0.278,0.000,0.088,0.048,0.111,0.591,0.612,0.203,88.9,74.1,9.9,2
Chelsea Gray,LVA,LVA @ CHI,8/25/2025,W,36,111.6,95.7,15.9,0.280,1.75,0.333,0.032,0.079,0.058,0.190,0.700,0.700,0.192,93.6,78.0,11,2
Chelsea Gray,LVA,LVA @ WAS,8/23/2025,W,34,119.7,95.6,24.1,0.276,4,0.571,0.000,0.154,0.090,0.143,0.333,0.525,0.086,93.6,78.0,9.5,2
Chelsea Gray,LVA,LVA vs. PHX,8/21/2025,W,33,112.9,88.7,24.2,0.167,4,0.286,0.000,0.073,0.041,0.071,0.667,0.667,0.145,91.0,75.8,14,2
Chelsea Gray,LVA,LVA vs. ATL,8/19/2025,W,36,98.5,94.2,4.3,0.458,5.5,0.524,0.000,0.184,0.101,0.095,0.438,0.474,0.132,90.5,75.4,17.2,2
Chelsea Gray,LVA,LVA vs. DAL,8/17/2025,W,32,140.3,100,40.3,0.560,14,0.667,0.037,0.029,0.033,0.048,0.583,0.683,0.103,95.9,79.9,14.4,2
Chelsea Gray,LVA,LVA @ PHX,8/15/2025,W,36,117.1,102.8,14.4,0.375,9,0.375,0.000,0.056,0.029,0.042,0.455,0.587,0.188,95.9,79.9,16,2
Chelsea Gray,LVA,LVA vs. NYL,8/13/2025,W,39,112.5,106.9,5.6,0.250,2.5,0.263,0.000,0.029,0.013,0.105,0.500,0.547,0.157,88.6,73.9,9.8,2
Chelsea Gray,LVA,LVA vs. CON,8/10/2025,W,31,114.8,96.8,18,0.250,3,0.429,0.000,0.077,0.034,0.143,0.500,0.518,0.104,95.7,79.8,5,2
Chelsea Gray,LVA,LVA vs. SEA,8/8/2025,W,34,120.6,104.5,16.1,0.200,1,0.278,0.000,0.071,0.034,0.278,0.667,0.752,0.165,95.5,79.6,9.4,2
Chelsea Gray,LVA,LVA @ GSV,8/6/2025,W,33,114.8,98.4,16.4,0.143,3,0.231,0.000,0.250,0.138,0.077,0.375,0.410,0.141,90.2,75.2,9.1,2
Chelsea Gray,LVA,LVA vs. GSV,8/3/2025,W,30,131,98.3,32.7,0.250,0.86,0.286,0.061,0.088,0.075,0.333,0.563,0.619,0.203,94.6,78.8,8.6,2
Chelsea Gray,LVA,LVA vs. MIN,8/2/2025,L,21,79.1,145.5,-66.4,0.308,4,0.364,0.000,0.182,0.059,0.091,0.250,0.250,0.146,101.1,84.3,2,2
Chelsea Gray,LVA,LVA @ LAS,7/29/2025,W,35,111,83.3,27.6,0.250,2,0.471,0.000,0.073,0.038,0.235,0.300,0.425,0.105,99.0,82.5,7.8,2
Chelsea Gray,LVA,LVA @ DAL,7/27/2025,W,28,129.3,96.4,32.9,0.348,8,0.421,0.033,0.135,0.090,0.053,0.389,0.484,0.157,97.9,81.6,16.1,2
Chelsea Gray,LVA,LVA @ MIN,7/25/2025,L,22,100,134.1,-34.1,0.000,0,0.000,0.042,0.045,0.043,0.222,0.643,0.643,0.180,95.6,79.6,5.1,2
Chelsea Gray,LVA,LVA @ IND,7/24/2025,L,33,95.5,110.4,-14.9,0.190,0,0.308,0.000,0.091,0.048,0.000,0.333,0.436,0.123,98.0,81.6,8.9,2
Chelsea Gray,LVA,LVA vs. ATL,7/22/2025,W,30,112.3,90.6,21.7,0.200,2.5,0.357,0.040,0.031,0.035,0.143,0.500,0.571,0.129,104.8,87.4,9,2
Chelsea Gray,LVA,LVA @ DAL,7/16/2025,W,25,91.1,114,-23,0.389,2.33,0.467,0.000,0.097,0.048,0.200,0.500,0.615,0.121,106.9,89.1,9.3,2
Chelsea Gray,LVA,LVA vs. GSV,7/12/2025,W,34,130.8,133.3,-2.6,0.231,2,0.375,0.000,0.103,0.055,0.188,0.357,0.403,0.135,94.0,78.3,5.4,2
Chelsea Gray,LVA,LVA @ WAS,7/10/2025,L,30,89.8,100,-10.2,0.188,1,0.188,0.029,0.231,0.117,0.188,0.650,0.650,0.194,96.9,80.7,17.8,2
Chelsea Gray,LVA,LVA @ NYL,7/8/2025,L,34,107.6,105.8,1.8,0.167,0.6,0.176,0.033,0.167,0.106,0.294,0.556,0.583,0.189,96.3,80.3,8.1,2
Chelsea Gray,LVA,LVA @ CON,7/6/2025,W,20,130,84.6,45.4,0.421,4,0.533,0.071,0.050,0.059,0.133,0.600,0.600,0.159,93.6,78.0,12.1,2
Chelsea Gray,LVA,LVA @ IND,7/3/2025,L,23,75.6,116.3,-40.7,0.222,0.4,0.200,0.000,0.158,0.067,0.500,0.333,0.333,0.151,92.4,77.0,-4,2
Chelsea Gray,LVA,LVA @ PHX,6/29/2025,W,35,110.3,97.1,13.2,0.227,5,0.278,0.000,0.119,0.068,0.056,0.250,0.383,0.169,93.4,77.9,7.8,2
Chelsea Gray,LVA,LVA vs. WAS,6/26/2025,L,31,98.3,115.3,-16.9,0.444,2.67,0.421,0.000,0.121,0.070,0.158,0.813,0.813,0.177,92.6,77.2,16.2,2
Chelsea Gray,LVA,LVA vs. CON,6/25/2025,W,29,119.3,70.7,48.6,0.300,1.2,0.261,0.037,0.167,0.111,0.217,0.550,0.615,0.254,95.9,79.9,16.9,2
Chelsea Gray,LVA,LVA vs. IND,6/22/2025,W,35,105.6,102.7,2.8,0.143,0.75,0.158,0.027,0.069,0.045,0.211,0.750,0.750,0.190,100.8,84.0,12.8,2
Chelsea Gray,LVA,LVA vs. SEA,6/20/2025,L,31,109.5,117.5,-7.9,0.333,3.5,0.412,0.000,0.121,0.068,0.118,0.357,0.444,0.149,97.5,81.3,8.6,2
Chelsea Gray,LVA,LVA @ MIN,6/17/2025,L,33,82.8,98.5,-15.6,0.353,2,0.286,0.026,0.024,0.025,0.143,0.222,0.373,0.197,93.2,77.7,5.1,2
Chelsea Gray,LVA,LVA vs. PHX,6/15/2025,L,38,94.4,100,-5.6,0.267,0.8,0.148,0.027,0.209,0.125,0.185,0.500,0.546,0.264,92.0,76.7,17.8,2
Chelsea Gray,LVA,LVA vs. DAL,6/13/2025,W,28,101.7,105.2,-3.5,0.357,1.67,0.263,0.080,0.091,0.085,0.158,0.375,0.587,0.209,98.8,82.4,13.6,2
Chelsea Gray,LVA,LVA vs. LAS,6/11/2025,L,36,113.3,116.9,-3.5,0.053,0.2,0.045,0.000,0.038,0.015,0.227,0.769,0.825,0.247,101.1,84.3,11.9,2
Chelsea Gray,LVA,LVA @ GSV,6/7/2025,L,27,87.7,124.1,-36.4,0.111,0.33,0.067,0.037,0.083,0.059,0.200,0.727,0.727,0.219,98.6,82.2,13.2,2
Chelsea Gray,LVA,LVA @ SEA,6/1/2025,W,34,88.7,87.1,1.6,0.300,1,0.316,0.000,0.111,0.060,0.316,0.667,0.727,0.169,99.0,82.5,9.9,2
Chelsea Gray,LVA,LVA vs. LAS,5/30/2025,W,32,120.9,88.2,32.7,0.182,1.33,0.222,0.031,0.103,0.066,0.167,0.545,0.609,0.187,101.6,84.6,12.3,2
Chelsea Gray,LVA,LVA @ SEA,5/25/2025,L,25,96.1,123.5,-27.5,0.188,1.5,0.214,0.042,0.067,0.051,0.143,0.357,0.457,0.200,99.2,82.7,3.8,2
Chelsea Gray,LVA,LVA vs. WAS,5/23/2025,W,34,100,95.5,4.5,0.143,0.67,0.091,0.000,0.129,0.059,0.136,0.471,0.487,0.267,94.7,78.9,9.1,2
Chelsea Gray,LVA,LVA @ CON,5/20/2025,W,21,134.9,72.7,62.2,0.250,1.33,0.235,0.136,0.136,0.136,0.176,0.429,0.595,0.245,97.9,81.6,18,2
Chelsea Gray,LVA,LVA @ NYL,5/17/2025,L,35,105.7,117.1,-11.4,0.174,2,0.211,0.000,0.088,0.038,0.105,0.423,0.446,0.181,95.9,79.9,3.5,2
Cheyenne Parker-Tyus,LVA,LVA @ LAS,9/11/2025,W,6,93.3,135.7,-42.4,0.000,0,0.000,0.000,0.400,0.222,0.000,0.833,0.840,0.313,115.4,96.1,20.3,2
Cheyenne Parker-Tyus,LVA,LVA vs. CHI,9/9/2025,W,8,131.3,93.8,37.5,0.000,0,0.000,0.000,0.000,0.000,0.143,0.600,0.680,0.389,97.2,81.0,11.9,2
Crystal Bradford,LVA,LVA @ GSV,6/7/2025,L,5,110,144.4,-34.4,0.250,0,0.333,0.200,0.400,0.300,0.000,0.000,0.000,0.182,86.9,72.4,6.7,2
Crystal Bradford,LVA,LVA @ SEA,5/25/2025,L,5,90,210,-120,0.000,0,0.000,0.000,0.000,0.000,1.000,0.000,0.000,0.091,97.0,80.8,-8.7,2
Crystal Bradford,LVA,LVA vs. WAS,5/23/2025,W,6,83.3,66.7,16.7,0.000,0,0.000,0.000,0.000,0.000,0.000,0.500,0.500,0.125,103.5,86.2,9.5,2
Crystal Bradford,LVA,LVA @ CON,5/20/2025,W,8,106.7,118.8,-12.1,0.000,0,0.000,0.125,0.125,0.125,0.000,0.500,0.500,0.100,88.8,74.0,14,2
Dana Evans,LVA,LVA @ LAS,9/11/2025,W,17,100,111.8,-11.8,0.455,1,0.357,0.111,0.071,0.094,0.357,0.000,0.000,0.231,94.5,78.7,-5.6,2
Dana Evans,LVA,LVA vs. CHI,9/9/2025,W,22,129.3,80.5,48.8,0.400,0,0.462,0.000,0.056,0.031,0.000,0.929,0.929,0.156,91.5,76.2,21.6,2
Dana Evans,LVA,LVA vs. CHI,9/7/2025,W,23,75,100,-25,0.300,0,0.300,0.000,0.050,0.022,0.000,0.286,0.286,0.156,85.1,70.9,2.9,2
Dana Evans,LVA,LVA vs. MIN,9/4/2025,W,19,97.4,97.4,0.1,0.250,3,0.273,0.000,0.125,0.061,0.091,0.333,0.436,0.182,99.2,82.7,9.8,2
Dana Evans,LVA,LVA @ ATL,8/27/2025,W,19,121.1,95,26.1,0.235,0,0.500,0.000,0.000,0.000,0.000,0.250,0.250,0.103,101.4,84.5,3.6,2
Dana Evans,LVA,LVA @ CHI,8/25/2025,W,18,78.4,80.6,-2.2,0.143,1,0.100,0.000,0.125,0.054,0.100,0.438,0.474,0.225,99.1,82.6,11.3,2
Dana Evans,LVA,LVA @ WAS,8/23/2025,W,24,142.6,83.3,59.2,0.167,0,0.214,0.000,0.103,0.070,0.000,0.955,0.955,0.224,96.6,80.5,22.6,2
Dana Evans,LVA,LVA vs. PHX,8/21/2025,W,19,123.1,70.3,52.8,0.000,0,0.000,0.000,0.050,0.028,0.000,0.833,0.860,0.238,93.9,78.3,24.4,2
Dana Evans,LVA,LVA vs. ATL,8/19/2025,W,11,85.7,136.4,-50.6,0.000,0,0.000,0.000,0.000,0.000,0.200,0.375,0.375,0.208,91.9,76.6,-4.9,2
Dana Evans,LVA,LVA vs. DAL,8/17/2025,W,16,116.7,105.7,11,0.273,3,0.300,0.000,0.067,0.031,0.100,0.500,0.500,0.184,108.0,90.0,2.5,2
Dana Evans,LVA,LVA @ PHX,8/15/2025,W,11,72.7,117.4,-44.7,0.250,0.5,0.200,0.000,0.000,0.000,0.400,0.000,0.000,0.167,94.6,78.8,-15.2,2
Dana Evans,LVA,LVA vs. NYL,8/13/2025,W,15,100,75,25,0.000,0,0.000,0.000,0.000,0.000,0.000,0.667,0.667,0.188,86.4,72.0,12.3,2
Dana Evans,LVA,LVA vs. CON,8/10/2025,W,21,123.8,137.8,-14,0.188,3,0.333,0.067,0.077,0.071,0.111,1.000,1.000,0.122,98.6,82.2,9.8,2
Dana Evans,LVA,LVA vs. SEA,8/8/2025,W,13,76,140,-64,0.429,0,0.333,0.000,0.000,0.000,0.000,0.167,0.167,0.194,91.8,76.5,0,2
Dana Evans,LVA,LVA @ GSV,8/6/2025,W,12,52.2,91.7,-39.5,0.250,0.5,0.111,0.000,0.000,0.000,0.222,0.200,0.340,0.286,92.1,76.7,-18.8,2
Dana Evans,LVA,LVA vs. GSV,8/3/2025,W,18,154.3,107.7,46.6,0.286,0,0.400,0.000,0.038,0.024,0.000,0.583,0.543,0.143,97.3,81.1,8.6,2
Dana Evans,LVA,LVA vs. MIN,8/2/2025,L,22,59.1,134.1,-75,0.400,2,0.286,0.000,0.045,0.020,0.143,0.000,0.063,0.204,95.1,79.3,-6.5,2
Dana Evans,LVA,LVA @ LAS,7/29/2025,W,19,85.4,100,-14.6,0.100,0,0.167,0.000,0.045,0.026,0.000,0.875,0.940,0.122,104.2,86.8,20.2,2
Dana Evans,LVA,LVA @ DAL,7/27/2025,W,18,113.2,100,13.2,0.250,0,0.300,0.000,0.115,0.065,0.000,0.333,0.363,0.159,100.9,84.1,5.5,2
Dana Evans,LVA,LVA @ MIN,7/25/2025,L,25,92.2,137.3,-45.1,0.385,1.67,0.250,0.036,0.125,0.077,0.150,0.300,0.340,0.268,99.5,82.9,1.6,2
Dana Evans,LVA,LVA @ IND,7/24/2025,L,15,76.7,66.7,10,0.125,0,0.167,0.000,0.000,0.000,0.000,0.000,0.000,0.135,97.6,81.4,-31.3,2
Dana Evans,LVA,LVA vs. ATL,7/22/2025,W,23,83.7,79.2,4.5,0.286,0,0.154,0.000,0.077,0.040,0.000,0.611,0.651,0.212,102.1,85.1,23.5,2
Dana Evans,LVA,LVA @ DAL,7/16/2025,W,18,121.6,76.3,45.3,0.214,0,0.273,0.000,0.091,0.050,0.000,0.375,0.375,0.195,100.1,83.4,10.4,2
Dana Evans,LVA,LVA vs. GSV,7/12/2025,W,19,122.5,121.1,1.4,0.143,0,0.250,0.000,0.067,0.038,0.000,0.600,0.680,0.140,97.6,81.3,8.9,2
Dana Evans,LVA,LVA @ WAS,7/10/2025,L,22,107,72.7,34.2,0.143,1,0.167,0.000,0.000,0.000,0.167,0.571,0.628,0.192,95.3,79.4,16.4,2
Dana Evans,LVA,LVA @ NYL,7/8/2025,L,14,88.9,110.7,-21.8,0.333,0.5,0.071,0.091,0.077,0.083,0.143,0.667,0.743,0.448,92.7,77.3,29.9,2
Dana Evans,LVA,LVA @ CON,7/6/2025,W,23,84.4,86.7,-2.2,0.375,1.5,0.176,0.000,0.182,0.095,0.118,0.750,0.738,0.275,95.0,79.1,30.4,2
Dana Evans,LVA,LVA @ IND,7/3/2025,L,22,72.5,100,-27.5,0.429,3,0.214,0.000,0.067,0.023,0.071,0.150,0.150,0.216,89.2,74.3,-12.5,2
Dana Evans,LVA,LVA @ PHX,6/29/2025,W,11,76.2,104.8,-28.6,0.200,0,0.250,0.000,0.091,0.050,0.000,0.000,0.000,0.136,92.8,77.3,-11.3,2
Dana Evans,LVA,LVA vs. WAS,6/26/2025,L,19,107.5,105.3,2.2,0.333,0,0.364,0.000,0.100,0.053,0.000,0.833,0.872,0.171,99.4,82.8,19.2,2
Dana Evans,LVA,LVA vs. CON,6/25/2025,W,17,90.6,67.6,23,0.111,0.5,0.111,0.000,0.000,0.000,0.222,0.167,0.233,0.229,95.3,79.4,-9.4,2
Dana Evans,LVA,LVA vs. IND,6/22/2025,W,18,97.2,91.9,5.3,0.083,1,0.200,0.000,0.059,0.029,0.200,0.500,0.500,0.103,98.7,82.3,4.7,2
Dana Evans,LVA,LVA vs. SEA,6/20/2025,L,15,72.4,75.9,-3.4,0.000,0,0.000,0.000,0.000,0.000,0.000,0.333,0.333,0.091,94.1,78.4,-5.8,2
Dana Evans,LVA,LVA @ MIN,6/17/2025,L,15,71.4,85.7,-14.3,0.286,1,0.222,0.000,0.050,0.031,0.222,0.300,0.300,0.233,92.9,77.4,0,2
Dana Evans,LVA,LVA vs. PHX,6/15/2025,L,11,91.3,113.6,-22.3,0.000,0,0.000,0.000,0.000,0.000,0.000,0.333,0.333,0.214,97.2,81.0,6.8,2
Dana Evans,LVA,LVA vs. DAL,6/13/2025,W,14,109.7,86.2,23.5,0.222,1,0.182,0.000,0.000,0.000,0.182,0.333,0.436,0.265,101.9,84.9,1.9,2
Dana Evans,LVA,LVA vs. LAS,6/11/2025,L,9,50,164.7,-114.7,0.000,0,0.000,0.000,0.000,0.000,0.000,0.000,0.000,0.100,96.2,80.2,-12.7,2
Dana Evans,LVA,LVA @ GSV,6/7/2025,L,18,68.4,105.7,-37.3,0.000,0,0.000,0.050,0.000,0.026,0.000,0.357,0.400,0.225,99.4,82.8,1,2
Dana Evans,LVA,LVA @ SEA,6/1/2025,W,21,114.6,80,34.6,0.231,0,0.250,0.000,0.000,0.000,0.000,0.444,0.477,0.200,94.1,78.5,9.5,2
Dana Evans,LVA,LVA vs. LAS,5/30/2025,W,15,89.7,154.8,-65.2,0.250,2,0.222,0.000,0.000,0.000,0.111,0.300,0.425,0.233,98.3,81.9,4.7,2
Dana Evans,LVA,LVA @ SEA,5/25/2025,L,19,107.7,126.3,-18.6,0.182,1,0.167,0.000,0.000,0.000,0.167,0.375,0.375,0.233,97.1,80.9,0,2
Dana Evans,LVA,LVA vs. WAS,5/23/2025,W,20,104.9,92.5,12.4,0.182,2,0.222,0.042,0.053,0.047,0.111,0.417,0.417,0.143,95.8,79.8,4.5,2
Dana Evans,LVA,LVA @ CON,5/20/2025,W,23,84.4,85.1,-0.7,0.333,0,0.273,0.000,0.000,0.000,0.000,0.286,0.317,0.151,96.8,80.6,-4,2
Dana Evans,LVA,LVA @ NYL,5/17/2025,L,19,105.3,118.9,-13.7,0.333,0,0.300,0.031,0.000,0.021,0.000,0.714,0.672,0.137,94.7,78.9,11,2
Elizabeth Kitley,LVA,LVA vs. WAS,6/26/2025,L,6,125,154.5,-29.5,0.000,0,0.000,0.000,0.000,0.000,0.000,0.000,0.000,0.000,100.1,83.4,-2,2
Elizabeth Kitley,LVA,LVA vs. CON,6/25/2025,W,6,61.5,86.7,-25.1,0.000,0,0.000,0.000,0.143,0.071,0.000,0.000,0.000,0.133,107.0,89.1,-13.3,2
Elizabeth Kitley,LVA,LVA @ MIN,6/17/2025,L,3,40,180,-140,0.000,0,0.000,0.000,0.000,0.000,1.000,0.000,0.000,0.200,82.8,69.0,-120,2
Elizabeth Kitley,LVA,LVA vs. PHX,6/15/2025,L,11,71.4,86.4,-14.9,0.000,0,0.000,0.000,0.133,0.080,0.500,0.000,0.000,0.160,92.3,76.9,-13.2,2
Elizabeth Kitley,LVA,LVA vs. DAL,6/13/2025,W,18,91.9,127,-35.1,0.091,0,0.200,0.067,0.200,0.133,0.000,0.250,0.250,0.100,99.7,83.1,2.9,2
Elizabeth Kitley,LVA,LVA vs. LAS,6/11/2025,L,2,60,150,-90,0.000,0,0.000,0.000,0.000,0.000,0.500,0.000,0.000,0.400,108.0,90.0,-33.3,2
Elizabeth Kitley,LVA,LVA @ GSV,6/7/2025,L,8,68.8,106.3,-37.5,0.000,0,0.000,0.000,0.125,0.056,0.000,0.000,0.000,0.000,95.4,79.5,3.9,2
Elizabeth Kitley,LVA,LVA @ SEA,6/1/2025,W,6,125,116.7,8.3,0.000,0,0.000,0.000,0.000,0.000,1.000,0.000,0.000,0.154,102.6,85.5,-31.6,2
Elizabeth Kitley,LVA,LVA vs. LAS,5/30/2025,W,11,82.6,150,-67.4,0.000,0,0.000,0.000,0.125,0.067,0.333,0.000,0.000,0.125,101.7,84.8,-9.9,2
Elizabeth Kitley,LVA,LVA @ SEA,5/25/2025,L,16,125,100,25,0.000,0,0.000,0.176,0.133,0.156,0.000,0.625,0.619,0.243,95.8,79.8,16.2,2
Elizabeth Kitley,LVA,LVA @ CON,5/20/2025,W,11,66.7,85.7,-19,0.000,0,0.000,0.000,0.300,0.143,0.000,0.000,0.000,0.136,94.3,78.6,-2.1,2
Elizabeth Kitley,LVA,LVA @ NYL,5/17/2025,L,1,100,133.3,-33.3,0.000,0,0.000,0.000,0.000,0.000,0.000,1.000,1.000,0.333,97.3,81.1,25,2
Jackie Young,LVA,LVA @ LAS,9/11/2025,W,31,127.9,79.1,48.8,0.444,4,0.462,0.000,0.143,0.077,0.115,0.773,0.773,0.187,104.5,87.1,16.8,2
Jackie Young,LVA,LVA vs. CHI,9/9/2025,W,27,124.5,85.7,38.8,0.438,7,0.438,0.000,0.103,0.061,0.063,1.000,0.952,0.173,88.0,73.4,23.2,2
Jackie Young,LVA,LVA vs. CHI,9/7/2025,W,31,116.4,85,31.4,0.450,9,0.375,0.037,0.118,0.082,0.042,0.679,0.693,0.227,93.6,78.0,23.5,2
Jackie Young,LVA,LVA vs. MIN,9/4/2025,W,33,128.1,115.6,12.5,0.200,5,0.278,0.000,0.080,0.040,0.056,0.833,0.833,0.183,94.5,78.8,13,2
Jackie Young,LVA,LVA @ ATL,8/27/2025,W,35,107.8,97,10.8,0.455,10,0.476,0.063,0.214,0.149,0.048,0.500,0.500,0.159,90.2,75.1,16.6,2
Jackie Young,LVA,LVA @ CHI,8/25/2025,W,35,100,97.1,2.9,0.412,3.5,0.318,0.031,0.061,0.046,0.091,0.846,0.818,0.208,96.0,80.0,26.9,2
Jackie Young,LVA,LVA @ WAS,8/23/2025,W,31,113.6,101.6,11.9,0.381,4,0.400,0.000,0.200,0.105,0.100,0.389,0.484,0.194,95.2,79.3,12.2,2
Jackie Young,LVA,LVA vs. PHX,8/21/2025,W,27,100,81.1,18.9,0.333,2.5,0.227,0.033,0.111,0.076,0.091,0.400,0.400,0.288,94.2,78.5,12.5,2
Jackie Young,LVA,LVA vs. ATL,8/19/2025,W,36,106.2,89.1,17.1,0.100,2,0.111,0.094,0.103,0.099,0.056,0.536,0.538,0.213,86.2,71.8,15.2,2
Jackie Young,LVA,LVA vs. DAL,8/17/2025,W,29,129.3,108.5,20.8,0.227,1.25,0.278,0.043,0.069,0.058,0.222,0.444,0.444,0.213,96.2,80.2,1.8,2
Jackie Young,LVA,LVA @ PHX,8/15/2025,W,33,117.5,103.2,14.3,0.250,5,0.263,0.065,0.147,0.108,0.053,0.615,0.632,0.187,91.5,76.3,14.4,2
Jackie Young,LVA,LVA vs. NYL,8/13/2025,W,34,109,101.5,7.4,0.222,0.8,0.167,0.091,0.138,0.113,0.208,0.423,0.493,0.247,92.8,77.3,7.1,2
Jackie Young,LVA,LVA vs. CON,8/10/2025,W,32,112.5,92.3,20.2,0.333,6,0.286,0.032,0.094,0.063,0.048,0.714,0.727,0.195,96.3,80.2,20.8,2
Jackie Young,LVA,LVA vs. SEA,8/8/2025,W,33,119.7,103.1,16.6,0.278,5,0.208,0.032,0.125,0.079,0.042,0.667,0.719,0.247,95.3,79.4,20.1,2
Jackie Young,LVA,LVA @ GSV,8/6/2025,W,37,104.1,88.7,15.4,0.190,1,0.174,0.000,0.054,0.029,0.174,0.423,0.474,0.224,94.2,78.5,10.1,2
Jackie Young,LVA,LVA vs. GSV,8/3/2025,W,30,131.7,91.5,40.1,0.400,4,0.348,0.100,0.057,0.077,0.087,0.708,0.751,0.203,95.3,79.4,20.5,2
Jackie Young,LVA,LVA vs. MIN,8/2/2025,L,19,79.5,142.5,-63,0.300,1.5,0.250,0.000,0.077,0.028,0.167,0.429,0.429,0.205,100.1,83.5,2.4,2
Jackie Young,LVA,LVA @ LAS,7/29/2025,W,34,121.7,83.6,38.2,0.423,5.5,0.367,0.063,0.250,0.162,0.067,0.529,0.529,0.232,97.0,80.8,23.1,2
Jackie Young,LVA,LVA @ DAL,7/27/2025,W,32,135.5,111.1,24.4,0.381,2.67,0.348,0.063,0.024,0.041,0.130,0.955,0.974,0.205,95.4,79.5,20.9,2
Jackie Young,LVA,LVA @ MIN,7/25/2025,L,27,105.9,142.3,-36.4,0.333,0,0.313,0.000,0.115,0.054,0.000,0.556,0.651,0.186,92.1,76.7,14.3,2
Jackie Young,LVA,LVA @ IND,7/24/2025,L,32,101.6,101.5,0,0.176,3,0.158,0.034,0.067,0.051,0.053,0.607,0.638,0.225,98.2,81.9,14.9,2
Jackie Young,LVA,LVA vs. ATL,7/22/2025,W,24,116,80.4,35.6,0.389,7,0.333,0.045,0.125,0.087,0.048,0.300,0.518,0.250,101.5,84.6,20.3,2
Jackie Young,LVA,LVA @ DAL,7/16/2025,W,25,105.9,86.5,19.3,0.286,1.5,0.462,0.000,0.056,0.033,0.308,0.333,0.333,0.117,98.9,82.4,7,2
Jackie Young,LVA,LVA vs. GSV,7/12/2025,W,31,140,124.6,15.4,0.333,2,0.214,0.038,0.065,0.053,0.107,0.679,0.796,0.319,93.9,78.3,21.5,2
Jackie Young,LVA,LVA @ WAS,7/10/2025,L,30,78.7,85.2,-6.6,0.188,0,0.167,0.083,0.143,0.109,0.000,0.333,0.333,0.221,96.4,80.4,7.3,2
Jackie Young,LVA,LVA @ NYL,7/8/2025,L,33,96.9,104.6,-7.7,0.200,0.6,0.111,0.000,0.179,0.100,0.185,0.400,0.501,0.333,95.7,79.8,8.6,2
Jackie Young,LVA,LVA @ CON,7/6/2025,W,21,136.6,90.2,46.3,0.353,6,0.333,0.000,0.150,0.083,0.056,0.550,0.618,0.261,92.9,77.4,18,2
Jackie Young,LVA,LVA @ IND,7/3/2025,L,25,74,112,-38,0.125,0.5,0.077,0.000,0.038,0.019,0.154,0.278,0.304,0.207,95.6,79.6,-7.1,2
Jackie Young,LVA,LVA @ PHX,6/29/2025,W,35,102.8,102.8,0,0.333,1.5,0.300,0.032,0.048,0.041,0.200,0.625,0.735,0.182,98.3,81.9,11.5,2
Jackie Young,LVA,LVA vs. WAS,6/26/2025,L,28,98.3,119.3,-21,0.294,5,0.278,0.045,0.094,0.074,0.056,0.542,0.542,0.210,97.2,81.0,11.2,2
Jackie Young,LVA,LVA vs. CON,6/25/2025,W,26,117,71.2,45.8,0.067,1,0.067,0.115,0.172,0.145,0.067,0.708,0.751,0.226,98.8,82.4,25.2,2
Jackie Young,LVA,LVA vs. IND,6/22/2025,W,27,108.8,100,8.8,0.412,2.33,0.250,0.133,0.136,0.135,0.107,0.400,0.525,0.309,102.2,85.1,17.8,2
Jackie Young,LVA,LVA vs. SEA,6/20/2025,L,32,103.2,113.8,-10.7,0.357,1.67,0.227,0.074,0.067,0.070,0.136,0.769,0.793,0.250,97.7,81.4,14.1,2
Jackie Young,LVA,LVA @ MIN,6/17/2025,L,31,90,93.3,-3.3,0.375,1.5,0.261,0.031,0.057,0.045,0.174,0.269,0.324,0.239,92.1,76.7,-2.1,2
Jackie Young,LVA,LVA vs. PHX,6/15/2025,L,33,86.9,95,-8.1,0.385,2.5,0.227,0.059,0.025,0.041,0.091,0.357,0.463,0.227,89.5,74.6,9.8,2
Jackie Young,LVA,LVA vs. DAL,6/13/2025,W,33,105.9,91.2,14.7,0.250,0.5,0.100,0.086,0.065,0.076,0.200,0.531,0.672,0.342,98.5,82.1,20,2
Jackie Young,LVA,LVA vs. LAS,6/11/2025,L,37,113,105.1,7.9,0.267,4,0.125,0.070,0.185,0.114,0.031,0.542,0.608,0.322,99.9,83.3,24.5,2
Jackie Young,LVA,LVA @ GSV,6/7/2025,L,27,76.8,112.5,-35.7,0.214,1.5,0.214,0.000,0.130,0.059,0.143,0.125,0.225,0.177,99.6,83.0,0.6,2
Jackie Young,LVA,LVA @ SEA,6/1/2025,W,32,85.7,95.2,-9.5,0.059,0.5,0.077,0.000,0.129,0.063,0.154,0.500,0.558,0.169,94.4,78.7,9.5,2
Jackie Young,LVA,LVA vs. LAS,5/30/2025,W,36,118.4,90.9,27.5,0.150,1.5,0.107,0.000,0.028,0.014,0.071,0.568,0.568,0.298,100.8,84.0,10,2
Jackie Young,LVA,LVA @ SEA,5/25/2025,L,26,90.9,131.5,-40.6,0.231,0.75,0.176,0.000,0.125,0.047,0.235,0.700,0.700,0.230,99.5,82.9,11.1,2
Jackie Young,LVA,LVA vs. WAS,5/23/2025,W,33,95.2,83.9,11.4,0.231,3,0.130,0.029,0.138,0.078,0.043,0.533,0.644,0.286,92.1,76.8,26.4,2
Jackie Young,LVA,LVA @ CON,5/20/2025,W,24,126.5,62.5,64,0.143,0.67,0.125,0.000,0.107,0.055,0.188,0.667,0.714,0.233,97.5,81.3,16.9,2
Jackie Young,LVA,LVA @ NYL,5/17/2025,L,33,98.5,117.9,-19.4,0.263,1.67,0.185,0.048,0.088,0.066,0.111,0.368,0.394,0.282,98.7,82.2,4.5,2
Jewell Loyd,LVA,LVA @ LAS,9/11/2025,W,27,123.2,82.1,41.1,0.000,0,0.000,0.000,0.100,0.050,0.000,0.618,0.618,0.258,99.1,82.6,11.2,2
Jewell Loyd,LVA,LVA vs. CHI,9/9/2025,W,30,131.6,85.5,46.1,0.043,0,0.100,0.053,0.071,0.064,0.000,0.833,0.833,0.150,89.6,74.6,13.7,2
Jewell Loyd,LVA,LVA vs. CHI,9/7/2025,W,28,107.5,92.5,15.1,0.000,0,0.000,0.000,0.000,0.000,0.111,0.375,0.355,0.150,90.9,75.8,0.5,2
Jewell Loyd,LVA,LVA vs. MIN,9/4/2025,W,25,112,84.6,27.4,0.158,1.5,0.300,0.095,0.120,0.109,0.200,0.600,0.600,0.125,99.2,82.7,9.4,2
Jewell Loyd,LVA,LVA @ ATL,8/27/2025,W,33,109.5,98.4,11.1,0.136,1.5,0.200,0.034,0.028,0.031,0.133,0.667,0.709,0.179,93.7,78.1,8.9,2
Jewell Loyd,LVA,LVA @ CHI,8/25/2025,W,29,103.3,83.3,20,0.043,0,0.143,0.033,0.034,0.034,0.000,0.000,0.170,0.095,99.6,83.0,2.4,2
Jewell Loyd,LVA,LVA @ WAS,8/23/2025,W,27,113,87,25.9,0.158,3,0.231,0.000,0.063,0.036,0.077,0.444,0.444,0.172,96.1,80.1,7.3,2
Jewell Loyd,LVA,LVA vs. PHX,8/21/2025,W,26,112,72.5,39.5,0.143,0,0.273,0.038,0.065,0.053,0.000,0.313,0.313,0.140,92.1,76.7,6.4,2
Jewell Loyd,LVA,LVA vs. ATL,8/19/2025,W,30,101.9,103.7,-1.8,0.118,2,0.200,0.000,0.037,0.019,0.100,0.500,0.500,0.131,87.2,72.7,3.6,2
Jewell Loyd,LVA,LVA vs. DAL,8/17/2025,W,25,122.2,103.7,18.5,0.188,3,0.200,0.000,0.037,0.019,0.067,0.545,0.545,0.207,103.5,86.2,6.1,2
Jewell Loyd,LVA,LVA @ PHX,8/15/2025,W,29,117.9,117.9,0,0.105,1,0.154,0.038,0.000,0.019,0.154,0.556,0.556,0.172,92.6,77.2,4.2,2
Jewell Loyd,LVA,LVA vs. NYL,8/13/2025,W,26,113.7,112,1.7,0.111,1,0.063,0.000,0.083,0.040,0.063,0.792,0.763,0.238,92.3,76.9,14.5,2
Jewell Loyd,LVA,LVA vs. CON,8/10/2025,W,29,116.9,125.9,-8.9,0.091,2,0.133,0.000,0.095,0.041,0.067,0.350,0.492,0.178,95.7,79.8,7.9,2
Jewell Loyd,LVA,LVA vs. SEA,8/8/2025,W,26,112.7,111.1,1.6,0.125,2,0.154,0.034,0.091,0.059,0.077,0.450,0.479,0.169,101.1,84.3,8,2
Jewell Loyd,LVA,LVA @ GSV,8/6/2025,W,31,101.6,90.2,11.5,0.125,2,0.143,0.069,0.033,0.051,0.071,0.650,0.643,0.164,93.7,78.1,13.8,2
Jewell Loyd,LVA,LVA vs. GSV,8/3/2025,W,26,171.4,96,75.4,0.048,0.5,0.059,0.045,0.065,0.057,0.118,0.885,0.915,0.258,92.0,76.7,17.8,2
Jewell Loyd,LVA,LVA vs. MIN,8/2/2025,L,19,65,152.5,-87.5,0.400,0.67,0.125,0.000,0.067,0.027,0.188,0.550,0.551,0.333,103.2,86.0,7.6,2
Jewell Loyd,LVA,LVA @ LAS,7/29/2025,W,24,118,98.1,19.9,0.000,0,0.000,0.043,0.000,0.021,0.100,0.444,0.444,0.175,101.8,84.8,1.6,2
Jewell Loyd,LVA,LVA @ DAL,7/27/2025,W,19,116.7,102.5,14.2,0.200,2,0.125,0.000,0.040,0.022,0.063,0.727,0.784,0.292,101.4,84.5,25,2
Jewell Loyd,LVA,LVA @ MIN,7/25/2025,L,21,77.3,118.2,-40.9,0.091,0,0.091,0.107,0.000,0.063,0.000,0.000,0.000,0.200,101.1,84.3,-19.2,2
Jewell Loyd,LVA,LVA @ IND,7/24/2025,L,27,78.9,114.3,-35.3,0.000,0,0.000,0.036,0.034,0.035,0.111,0.500,0.508,0.145,101.8,84.9,2.6,2
Jewell Loyd,LVA,LVA vs. ATL,7/22/2025,W,29,111.1,75.4,35.7,0.000,0,0.000,0.033,0.063,0.048,0.083,0.318,0.318,0.174,105.8,88.1,2.6,2
Jewell Loyd,LVA,LVA @ DAL,7/16/2025,W,30,92.5,100,-7.5,0.111,1,0.118,0.079,0.132,0.105,0.118,0.500,0.549,0.195,107.8,89.8,8.9,2
Jewell Loyd,LVA,LVA vs. GSV,7/12/2025,W,31,130,138.7,-8.7,0.048,1,0.067,0.045,0.038,0.042,0.067,0.500,0.588,0.206,93.1,77.6,3.3,2
Jewell Loyd,LVA,LVA @ WAS,7/10/2025,L,33,80.6,91.2,-10.6,0.071,0.5,0.053,0.059,0.033,0.047,0.105,0.538,0.639,0.243,98.7,82.2,19.2,2
Jewell Loyd,LVA,LVA @ NYL,7/8/2025,L,32,104.5,111.9,-7.4,0.118,2,0.133,0.071,0.030,0.049,0.067,0.417,0.417,0.176,99.6,83.0,4.9,2
Jewell Loyd,LVA,LVA @ CON,7/6/2025,W,32,111.3,89.1,22.2,0.077,0.67,0.143,0.077,0.114,0.098,0.214,0.167,0.167,0.171,95.0,79.1,-0.9,2
Jewell Loyd,LVA,LVA @ IND,7/3/2025,L,31,74.6,110,-35.4,0.143,2,0.286,0.083,0.037,0.063,0.143,0.000,0.258,0.071,93.7,78.1,0.7,2
Jewell Loyd,LVA,LVA @ PHX,6/29/2025,W,30,100,98.3,1.7,0.063,0.5,0.100,0.000,0.000,0.000,0.200,0.667,0.727,0.132,97.0,80.9,3.2,2
Jewell Loyd,LVA,LVA vs. WAS,6/26/2025,L,26,111.8,120.4,-8.6,0.053,0.33,0.077,0.000,0.148,0.091,0.231,0.563,0.619,0.218,94.3,78.6,7.8,2
Jewell Loyd,LVA,LVA vs. CON,6/25/2025,W,27,111.3,81.1,30.2,0.125,1,0.154,0.148,0.097,0.121,0.154,0.722,0.722,0.175,95.5,79.6,15.9,2
Jewell Loyd,LVA,LVA vs. IND,6/22/2025,W,34,112.5,91.7,20.8,0.217,5,0.294,0.031,0.121,0.077,0.059,0.455,0.455,0.150,101.0,84.1,9,2
Jewell Loyd,LVA,LVA vs. SEA,6/20/2025,L,34,108.8,105.9,2.9,0.200,4,0.235,0.034,0.053,0.045,0.059,0.591,0.631,0.176,95.5,79.6,11.5,2
Jewell Loyd,LVA,LVA @ MIN,6/17/2025,L,34,86.2,96.9,-10.8,0.188,1,0.167,0.050,0.150,0.100,0.167,0.500,0.500,0.192,92.2,76.9,9.7,2
Jewell Loyd,LVA,LVA vs. PHX,6/15/2025,L,32,91.9,101.6,-9.7,0.167,2,0.133,0.065,0.118,0.092,0.067,0.682,0.715,0.173,93.5,77.9,19.3,2
Jewell Loyd,LVA,LVA vs. DAL,6/13/2025,W,28,103.6,110.3,-6.8,0.167,0.67,0.105,0.042,0.083,0.063,0.158,0.731,0.756,0.266,97.2,81.0,14.7,2
Jewell Loyd,LVA,LVA vs. LAS,6/11/2025,L,25,116,117.6,-1.6,0.059,1,0.091,0.000,0.000,0.000,0.091,0.389,0.389,0.169,96.1,80.1,-2.2,2
Jewell Loyd,LVA,LVA @ GSV,6/7/2025,L,26,81.5,128.8,-47.4,0.071,0,0.111,0.103,0.136,0.118,0.000,0.167,0.305,0.133,98.2,81.9,5,2
Jewell Loyd,LVA,LVA @ SEA,6/1/2025,W,28,83.6,92.6,-9,0.267,2,0.308,0.036,0.194,0.119,0.154,0.667,0.683,0.145,92.1,76.8,20.4,2
Jewell Loyd,LVA,LVA vs. LAS,5/30/2025,W,33,122.9,81.2,41.7,0.143,0,0.308,0.000,0.188,0.091,0.000,0.188,0.169,0.114,101.1,84.2,1.7,2
Jewell Loyd,LVA,LVA @ SEA,5/25/2025,L,34,95.7,121.7,-26.1,0.143,0,0.158,0.000,0.083,0.033,0.000,0.367,0.429,0.211,97.8,81.5,5.6,2
Jewell Loyd,LVA,LVA vs. WAS,5/23/2025,W,29,105.3,87.5,17.8,0.111,0,0.167,0.034,0.077,0.055,0.000,0.333,0.436,0.159,94.2,78.5,7,2
Jewell Loyd,LVA,LVA @ CON,5/20/2025,W,21,133.3,64.3,69,0.000,0,0.000,0.000,0.217,0.109,0.000,0.714,0.714,0.280,97.2,81.0,27.7,2
Jewell Loyd,LVA,LVA @ NYL,5/17/2025,L,32,90.5,116.9,-26.4,0.111,2,0.154,0.065,0.034,0.053,0.077,0.250,0.250,0.147,97.6,81.4,-2.9,2
Joyner Holmes,LVA,LVA @ IND,7/3/2025,L,7,50,70,-20,0.000,0,0.000,0.125,0.000,0.077,0.000,0.000,0.000,0.154,73.5,61.2,-30,2
Joyner Holmes,LVA,LVA @ PHX,6/29/2025,W,4,66.7,88.9,-22.2,0.000,0,0.000,0.000,0.400,0.222,0.000,0.500,0.500,0.222,108.9,90.8,21.1,2
Joyner Holmes,LVA,LVA vs. WAS,6/26/2025,L,6,125,154.5,-29.5,0.000,0,0.000,0.000,0.500,0.143,0.250,0.500,0.500,0.333,100.1,83.4,-4.1,2
Joyner Holmes,LVA,LVA vs. CON,6/25/2025,W,4,100,44.4,55.6,0.000,0,0.000,0.000,0.167,0.100,0.000,0.500,0.500,0.250,99.1,82.6,30.8,2
Joyner Holmes,LVA,LVA @ MIN,6/17/2025,L,6,72.7,90.9,-18.2,0.000,0,0.000,0.250,0.000,0.111,0.000,0.000,0.000,0.167,92.9,77.4,-25.9,2
Joyner Holmes,LVA,LVA vs. PHX,6/15/2025,L,3,100,60,40,0.000,0,0.000,0.000,0.000,0.000,0.500,0.000,0.000,0.333,80.9,67.4,-26.7,2
Kiah Stokes,LVA,LVA @ LAS,9/11/2025,W,5,77.8,127.3,-49.5,0.000,0,0.000,0.200,0.000,0.111,0.000,0.000,0.000,0.000,98.2,81.8,2.5,2
Kiah Stokes,LVA,LVA vs. CHI,9/9/2025,W,8,113.3,71.4,41.9,0.000,0,0.000,0.000,0.167,0.091,0.000,0.000,0.000,0.000,89.6,74.7,6.1,2
Kiah Stokes,LVA,LVA vs. CHI,9/7/2025,W,14,100,96.2,3.8,0.100,0,0.250,0.077,0.083,0.080,0.000,0.333,0.333,0.097,92.5,77.1,7.4,2
Kiah Stokes,LVA,LVA vs. MIN,9/4/2025,W,2,50,66.7,-16.7,0.000,0,0.000,0.333,0.000,0.167,0.000,0.000,0.000,0.200,109.6,91.3,-100,2
Kiah Stokes,LVA,LVA @ ATL,8/27/2025,W,5,50,110,-60,0.000,0,0.000,0.000,0.333,0.154,0.000,0.000,0.000,0.000,84.7,70.6,21.1,2
Kiah Stokes,LVA,LVA @ WAS,8/23/2025,W,2,0,200,-200,0.000,0,0.000,0.000,0.000,0.000,0.000,0.000,0.000,0.000,126.6,105.5,0,2
Kiah Stokes,LVA,LVA vs. PHX,8/21/2025,W,7,100,23.1,76.9,0.000,0,0.000,0.000,0.333,0.200,0.000,0.000,0.000,0.000,92.4,77.0,19,2
Kiah Stokes,LVA,LVA vs. ATL,8/19/2025,W,6,81.8,140,-58.2,0.000,0,0.000,0.000,0.250,0.083,1.000,0.000,0.000,0.077,84.5,70.4,0,2
Kiah Stokes,LVA,LVA vs. DAL,8/17/2025,W,7,114.3,107.1,7.1,0.000,0,0.000,0.000,0.500,0.231,0.000,0.000,0.000,0.000,102.0,85.0,8.7,2
Kiah Stokes,LVA,LVA @ PHX,8/15/2025,W,6,130.8,146.2,-15.4,0.000,0,0.000,0.000,0.000,0.000,0.000,0.000,0.000,0.000,100.3,83.6,-2.9,2
Kiah Stokes,LVA,LVA vs. NYL,8/13/2025,W,6,116.7,58.3,58.3,0.000,0,0.000,0.000,0.286,0.167,0.000,0.000,0.000,0.000,95.3,79.5,11.4,2
Kiah Stokes,LVA,LVA @ GSV,8/6/2025,W,2,0,175,-175,0.000,0,0.000,0.000,0.000,0.000,0.000,0.000,0.000,0.000,104.4,87.0,-25,2
Kiah Stokes,LVA,LVA vs. GSV,8/3/2025,W,4,71.4,112.5,-41.1,0.000,0,0.000,0.000,0.200,0.100,0.000,0.000,0.000,0.000,99.1,82.6,7.4,2
Kiah Stokes,LVA,LVA vs. MIN,8/2/2025,L,15,58.6,127.6,-69,0.200,0,0.500,0.050,0.118,0.081,0.000,1.500,1.500,0.029,90.6,75.5,13.5,2
Kiah Stokes,LVA,LVA @ LAS,7/29/2025,W,3,62.5,162.5,-100,0.000,0,0.000,0.000,0.333,0.167,0.000,0.000,0.000,0.000,115.5,96.2,0,2
Kiah Stokes,LVA,LVA @ MIN,7/25/2025,L,9,104.8,142.1,-37.3,0.000,0,0.000,0.000,0.222,0.118,0.000,0.000,0.000,0.000,108.7,90.6,5.3,2
Kiah Stokes,LVA,LVA @ IND,7/24/2025,L,5,30,88.9,-58.9,0.000,0,0.000,0.143,0.286,0.214,1.000,0.000,0.000,0.154,93.7,78.1,0,2
Kiah Stokes,LVA,LVA vs. ATL,7/22/2025,W,9,100,72.2,27.8,0.000,0,0.000,0.000,0.308,0.222,1.000,0.000,0.000,0.095,98.5,82.1,11.5,2
Kiah Stokes,LVA,LVA @ DAL,7/16/2025,W,6,94.4,75,19.4,0.000,0,0.000,0.000,0.083,0.048,0.000,0.000,0.000,0.000,128.9,107.4,15.4,2
Kiah Stokes,LVA,LVA vs. GSV,7/12/2025,W,3,40,212.5,-172.5,0.000,0,0.000,0.000,0.000,0.000,0.000,0.000,0.000,0.000,103.9,86.6,0,2
Kiah Stokes,LVA,LVA @ WAS,7/10/2025,L,16,79.4,76.5,2.9,0.000,0,0.000,0.000,0.214,0.103,0.000,0.000,0.000,0.057,103.3,86.1,0,2
Kiah Stokes,LVA,LVA @ NYL,7/8/2025,L,12,70.8,96,-25.2,0.000,0,0.000,0.000,0.214,0.115,1.000,0.000,0.000,0.071,97.8,81.5,-2.2,2
Kiah Stokes,LVA,LVA @ CON,7/6/2025,W,18,83.3,80,3.3,0.091,1,0.250,0.000,0.250,0.147,0.250,0.500,0.500,0.075,95.0,79.2,12.6,2
Kiah Stokes,LVA,LVA @ IND,7/3/2025,L,12,72.7,87.5,-14.8,0.000,0,0.000,0.077,0.133,0.107,0.000,0.000,0.347,0.120,94.2,78.5,14.7,2
Kiah Stokes,LVA,LVA @ PHX,6/29/2025,W,9,57.9,100,-42.1,0.000,0,0.000,0.000,0.364,0.211,0.667,0.000,0.000,0.150,98.7,82.3,-5.7,2
Kiah Stokes,LVA,LVA vs. WAS,6/26/2025,L,22,76.7,106.7,-29.9,0.091,0,0.333,0.050,0.115,0.087,0.000,1.000,1.000,0.044,94.2,78.5,7.4,2
Kiah Stokes,LVA,LVA vs. CON,6/25/2025,W,20,110.3,91.9,18.4,0.063,1,0.333,0.000,0.333,0.158,0.333,0.000,0.000,0.044,92.5,77.1,6.3,2
Kiah Stokes,LVA,LVA vs. IND,6/22/2025,W,19,94.7,92.5,2.2,0.067,1,0.250,0.053,0.263,0.158,0.250,0.000,0.000,0.068,98.9,82.5,5,2
Kiah Stokes,LVA,LVA vs. SEA,6/20/2025,L,19,113.5,139.5,-26,0.133,0,0.286,0.053,0.200,0.118,0.000,0.500,0.410,0.122,97.5,81.3,6,2
Kiah Stokes,LVA,LVA @ MIN,6/17/2025,L,30,83.1,86.7,-3.6,0.067,0,0.125,0.027,0.179,0.105,0.000,0.500,0.500,0.099,94.5,78.8,11,2
Kiah Stokes,LVA,LVA vs. PHX,6/15/2025,L,29,98.2,103.6,-5.4,0.056,0.33,0.111,0.161,0.300,0.230,0.333,0.000,0.000,0.116,92.5,77.0,3.9,2
Kiah Stokes,LVA,LVA vs. DAL,6/13/2025,W,33,102.9,94,8.9,0.118,2,0.250,0.033,0.233,0.133,0.125,0.600,0.600,0.078,98.7,82.2,10.8,2
Kiah Stokes,LVA,LVA vs. LAS,6/11/2025,L,30,115,108.1,6.9,0.050,0,0.250,0.063,0.238,0.132,0.000,0.667,0.667,0.044,98.9,82.5,7.8,2
Kiah Stokes,LVA,LVA @ GSV,6/7/2025,L,13,65.5,119.2,-53.7,0.000,0,0.000,0.000,0.286,0.138,0.000,0.000,0.568,0.030,102.9,85.8,8.1,2
Kiah Stokes,LVA,LVA @ SEA,6/1/2025,W,19,78.9,84.2,-5.3,0.000,0,0.000,0.056,0.316,0.189,0.000,0.500,0.500,0.048,98.2,81.9,14.4,2
Kiah Stokes,LVA,LVA vs. LAS,5/30/2025,W,18,117.1,64.1,53,0.077,0,0.250,0.056,0.158,0.108,0.000,1.250,1.215,0.067,104.5,87.1,23,2
Kiah Stokes,LVA,LVA @ SEA,5/25/2025,L,17,70.3,127.8,-57.5,0.000,0,0.000,0.000,0.500,0.154,0.000,0.000,0.000,0.026,103.6,86.3,4.6,2
Kiah Stokes,LVA,LVA vs. WAS,5/23/2025,W,16,66.7,123.3,-56.7,0.143,0,0.333,0.111,0.188,0.147,0.000,0.000,0.000,0.059,88.3,73.6,1,2
Kiah Stokes,LVA,LVA @ CON,5/20/2025,W,23,126.1,65.2,60.9,0.053,0,0.333,0.160,0.115,0.137,0.000,0.000,0.000,0.036,97.3,81.1,3.4,2
Kiah Stokes,LVA,LVA @ NYL,5/17/2025,L,18,83.3,102.9,-19.5,0.083,0,0.500,0.130,0.211,0.167,0.000,0.000,0.000,0.024,93.3,77.8,4.1,2
Kierstan Bell,LVA,LVA vs. CHI,9/7/2025,W,12,100,87,13,0.000,0,0.000,0.000,0.077,0.045,0.750,0.000,0.000,0.160,91.8,76.5,-14,2
Kierstan Bell,LVA,LVA vs. MIN,9/4/2025,W,12,104,100,4,0.250,2,0.250,0.083,0.200,0.136,0.125,0.500,0.500,0.207,96.3,80.2,13.8,2
Kierstan Bell,LVA,LVA @ ATL,8/27/2025,W,21,97.4,81.6,15.8,0.231,3,0.273,0.050,0.038,0.043,0.091,0.357,0.357,0.190,85.8,71.5,0.8,2
Kierstan Bell,LVA,LVA @ CHI,8/25/2025,W,7,64.3,107.1,-42.9,0.000,0,0.000,0.000,0.000,0.000,0.000,0.250,0.250,0.267,94.9,79.1,-14.3,2
Kierstan Bell,LVA,LVA @ WAS,8/23/2025,W,23,106.5,100,6.5,0.111,2,0.250,0.000,0.100,0.053,0.125,0.300,0.300,0.125,96.4,80.3,2.1,2
Kierstan Bell,LVA,LVA vs. PHX,8/21/2025,W,22,118.2,81.4,36.8,0.150,0,0.333,0.000,0.038,0.020,0.000,0.500,0.500,0.122,94.6,78.9,7.9,2
Kierstan Bell,LVA,LVA vs. ATL,8/19/2025,W,13,91.7,80.8,10.9,0.000,0,0.000,0.091,0.059,0.071,0.200,0.333,0.387,0.185,92.7,77.2,1.3,2
Kierstan Bell,LVA,LVA vs. DAL,8/17/2025,W,28,137,105.5,31.6,0.056,0,0.125,0.040,0.172,0.111,0.000,1.286,1.286,0.119,94.7,78.9,17.3,2
Kierstan Bell,LVA,LVA @ PHX,8/15/2025,W,14,83.3,75,8.3,0.167,0,0.125,0.111,0.000,0.065,0.000,0.333,0.291,0.194,100.8,84.0,3.6,2
Kierstan Bell,LVA,LVA vs. NYL,8/13/2025,W,8,100,106.7,-6.7,0.200,0,0.500,0.222,0.250,0.235,0.000,0.000,0.000,0.056,99.3,82.7,3.3,2
Kierstan Bell,LVA,LVA vs. CON,8/10/2025,W,11,104.2,56.5,47.6,0.111,1,0.200,0.000,0.077,0.043,0.200,0.500,0.500,0.143,105.8,88.1,5.1,2
Kierstan Bell,LVA,LVA vs. SEA,8/8/2025,W,9,120,100,20,0.143,0,0.333,0.000,0.000,0.000,0.000,0.000,0.000,0.118,88.0,73.3,-2.8,2
Kierstan Bell,LVA,LVA @ GSV,8/6/2025,W,11,128.6,126.3,2.3,0.143,0,0.250,0.000,0.125,0.067,0.000,0.500,0.500,0.125,90.4,75.3,8,2
Kierstan Bell,LVA,LVA vs. GSV,8/3/2025,W,15,76.7,86.7,-10,0.143,0,0.125,0.091,0.059,0.077,0.000,0.143,0.143,0.194,95.7,79.7,-1.3,2
Kierstan Bell,LVA,LVA vs. MIN,8/2/2025,L,22,72.7,120.9,-48.2,0.091,0.5,0.100,0.000,0.250,0.095,0.200,0.286,0.286,0.173,94.0,78.3,4.6,2
Kierstan Bell,LVA,LVA @ LAS,7/29/2025,W,21,95.5,84.1,11.4,0.059,0,0.091,0.080,0.000,0.044,0.000,0.150,0.150,0.189,102.8,85.6,-4.9,2
Kierstan Bell,LVA,LVA @ DAL,7/27/2025,W,21,137.8,84.1,53.7,0.067,1,0.067,0.045,0.071,0.060,0.067,0.682,0.745,0.255,99.8,83.2,18.6,2
Kierstan Bell,LVA,LVA @ MIN,7/25/2025,L,13,88.5,140.7,-52.3,0.000,0,0.000,0.000,0.000,0.000,0.000,0.500,0.533,0.267,98.6,82.2,4.7,2
Kierstan Bell,LVA,LVA @ IND,7/24/2025,L,5,66.7,75,-8.3,0.000,0,0.000,0.250,0.143,0.182,0.250,0.667,0.667,0.364,83.0,69.2,27.8,2
Kierstan Bell,LVA,LVA vs. ATL,7/22/2025,W,1,0,0,0,0.000,0,0.000,0.000,0.000,0.000,0.000,0.000,0.000,0.000,88.6,73.9,0,2
Kierstan Bell,LVA,LVA @ WAS,7/10/2025,L,9,82.4,68.4,13.9,0.000,0,0.000,0.077,0.000,0.043,0.000,0.111,0.111,0.409,97.0,80.9,-34.2,2
Kierstan Bell,LVA,LVA @ NYL,7/8/2025,L,17,78.9,94.9,-15.9,0.000,0,0.000,0.118,0.000,0.054,0.000,0.500,0.666,0.163,106.7,88.9,15.8,2
Kierstan Bell,LVA,LVA @ CON,7/6/2025,W,18,102.7,85.3,17.4,0.000,0,0.000,0.000,0.105,0.063,0.167,0.800,0.800,0.150,96.3,80.2,9.8,2
Kierstan Bell,LVA,LVA @ IND,7/3/2025,L,7,50,70,-20,0.000,0,0.000,0.000,0.200,0.077,0.000,0.333,0.333,0.231,73.5,61.2,20,2
Kierstan Bell,LVA,LVA vs. WAS,6/26/2025,L,4,50,175,-125,0.000,0,0.000,0.000,0.000,0.000,0.000,0.000,0.000,0.375,107.2,89.3,-16.7,2
Kierstan Bell,LVA,LVA vs. CON,6/25/2025,W,13,95.8,73.1,22.8,0.000,0,0.000,0.083,0.188,0.143,0.000,0.667,0.667,0.231,95.6,79.7,27.7,2
Kierstan Bell,LVA,LVA vs. SEA,6/20/2025,L,2,50,100,-50,0.000,0,0.000,0.000,0.000,0.000,0.000,0.000,0.000,0.250,112.9,94.1,-14.3,2
Kierstan Bell,LVA,LVA @ MIN,6/17/2025,L,12,75,91.7,-16.7,0.000,0,0.000,0.000,0.188,0.103,0.167,0.500,0.500,0.214,93.8,78.2,14,2
Kierstan Bell,LVA,LVA vs. PHX,6/15/2025,L,14,67.9,76,-8.1,0.000,0,0.000,0.063,0.059,0.061,0.200,1.000,1.031,0.147,92.6,77.2,34.1,2
Kierstan Bell,LVA,LVA vs. DAL,6/13/2025,W,11,86.4,122.7,-36.4,0.000,0,0.000,0.111,0.167,0.143,0.333,0.375,0.375,0.261,98.5,82.1,1.3,2
Kierstan Bell,LVA,LVA @ GSV,6/7/2025,L,7,100,115.4,-15.4,0.250,0,0.333,0.000,0.167,0.071,0.000,0.000,0.000,0.143,95.0,79.2,0,2
Kierstan Bell,LVA,LVA @ SEA,5/25/2025,L,2,120,116.7,3.3,1.000,0,0.500,0.000,0.500,0.333,0.000,1.500,1.500,0.200,115.6,96.4,43.5,2
Kierstan Bell,LVA,LVA vs. WAS,5/23/2025,W,8,78.6,106.3,-27.7,0.000,0,0.000,0.000,0.000,0.000,0.000,0.000,0.000,0.133,92.9,77.4,-6.5,2
Kierstan Bell,LVA,LVA @ CON,5/20/2025,W,13,81.5,85.2,-3.7,0.250,0,0.250,0.000,0.071,0.034,0.000,0.500,0.500,0.100,102.9,85.7,15,2
Kierstan Bell,LVA,LVA @ NYL,5/17/2025,L,6,53.8,76.9,-23.1,0.000,0,0.000,0.000,0.250,0.125,0.000,0.333,0.333,0.214,114.2,95.1,9.5,2
Megan Gustafson,LVA,LVA @ LAS,9/11/2025,W,6,120,150,-30,0.000,0,0.000,0.000,0.250,0.125,0.000,1.500,1.500,0.083,93.5,77.9,16.9,2
Megan Gustafson,LVA,LVA vs. CHI,9/9/2025,W,3,100,85.7,14.3,0.000,0,0.000,0.000,1.000,0.500,0.000,0.625,0.625,0.571,101.8,84.9,45.5,2
Megan Gustafson,LVA,LVA vs. CHI,9/7/2025,W,17,118.8,71.9,46.9,0.000,0,0.000,0.077,0.050,0.061,0.167,0.400,0.400,0.176,92.3,76.9,-2.1,2
Megan Gustafson,LVA,LVA @ CHI,8/25/2025,W,10,60.9,81.8,-20.9,0.250,0,0.333,0.000,0.111,0.042,0.000,0.750,0.750,0.080,107.3,89.4,4.7,2
Megan Gustafson,LVA,LVA @ WAS,8/23/2025,W,7,81.3,106.3,-25,0.000,0,0.000,0.000,0.000,0.000,0.000,0.000,0.000,0.059,111.0,92.5,-16,2
Megan Gustafson,LVA,LVA vs. PHX,8/21/2025,W,3,83.3,28.6,54.8,0.000,0,0.000,0.000,0.400,0.250,0.000,0.000,0.000,0.333,94.6,78.8,0,2
Megan Gustafson,LVA,LVA vs. DAL,8/17/2025,W,2,100,180,-80,0.000,0,0.000,0.000,0.000,0.000,0.000,0.000,0.000,0.000,110.8,92.3,-6.3,2
Megan Gustafson,LVA,LVA vs. CON,8/10/2025,W,11,129.2,143.5,-14.3,0.000,0,0.000,0.000,0.000,0.000,0.000,0.750,0.750,0.067,104.4,87.0,0.9,2
Megan Gustafson,LVA,LVA vs. SEA,8/8/2025,W,12,78.3,139.1,-60.9,0.000,0,0.000,0.133,0.250,0.174,0.000,0.000,0.000,0.000,91.9,76.6,5.9,2
Megan Gustafson,LVA,LVA @ GSV,8/6/2025,W,1,0,250,-250,0.000,0,0.000,0.000,0.000,0.000,0.000,0.000,0.000,0.000,91.8,76.5,0,2
Megan Gustafson,LVA,LVA vs. GSV,8/3/2025,W,13,150,122.2,27.8,0.000,0,0.000,0.091,0.118,0.107,0.000,0.600,0.680,0.207,94.8,79.0,6.5,2
Megan Gustafson,LVA,LVA vs. MIN,8/2/2025,L,22,59.1,134.1,-75,0.000,0,0.000,0.000,0.045,0.020,0.250,0.500,0.500,0.163,95.1,79.3,-1.9,2
Megan Gustafson,LVA,LVA @ LAS,7/29/2025,W,7,75,106.7,-31.7,0.000,0,0.000,0.000,0.000,0.000,0.500,0.000,0.000,0.125,103.5,86.2,-21.1,2
Megan Gustafson,LVA,LVA @ DAL,7/27/2025,W,12,104,122.7,-18.7,0.125,0,0.200,0.000,0.100,0.040,0.000,0.000,0.000,0.129,98.2,81.9,-16.9,2
Megan Gustafson,LVA,LVA @ MIN,7/25/2025,L,13,106.9,151.9,-45,0.111,0,0.167,0.071,0.000,0.038,0.000,1.000,0.820,0.156,101.8,84.9,4.2,2
Megan Gustafson,LVA,LVA @ IND,7/24/2025,L,12,56,100,-44,0.000,0,0.000,0.063,0.385,0.207,0.000,0.000,0.000,0.031,99.0,82.5,6.8,2
Megan Gustafson,LVA,LVA vs. ATL,7/22/2025,W,18,97.4,102.8,-5.4,0.000,0,0.000,0.000,0.105,0.059,0.000,0.750,0.750,0.098,100.6,83.9,6.8,2
Megan Gustafson,LVA,LVA @ DAL,7/16/2025,W,15,115.2,84.8,30.3,0.077,1,0.125,0.125,0.095,0.108,0.125,0.375,0.434,0.184,105.5,87.9,3.4,2
Megan Gustafson,LVA,LVA vs. GSV,7/12/2025,W,20,145.2,104.8,40.5,0.053,0,0.143,0.000,0.118,0.067,0.000,0.250,0.403,0.125,102.2,85.2,-2.3,2
Megan Gustafson,LVA,LVA @ WAS,7/10/2025,L,22,68.2,80.4,-12.3,0.000,0,0.000,0.000,0.190,0.082,0.111,0.250,0.250,0.173,97.4,81.2,1.7,2
NaLyssa Smith,LVA,LVA @ LAS,9/11/2025,W,24,132.7,64.2,68.6,0.091,0,0.200,0.048,0.037,0.042,0.000,0.625,0.625,0.136,110.3,91.9,8.3,2
NaLyssa Smith,LVA,LVA vs. CHI,9/9/2025,W,23,121.4,85.4,36.1,0.071,1,0.083,0.053,0.160,0.114,0.083,0.688,0.666,0.239,88.1,73.4,13.7,2
NaLyssa Smith,LVA,LVA vs. MIN,9/4/2025,W,26,134.6,125,9.6,0.000,0,0.000,0.000,0.222,0.121,0.111,0.625,0.625,0.164,96.3,80.2,4.3,2
NaLyssa Smith,LVA,LVA @ ATL,8/27/2025,W,17,96.7,93.5,3.1,0.000,0,0.000,0.063,0.100,0.083,0.000,0.200,0.200,0.156,85.5,71.2,-0.9,2
NaLyssa Smith,LVA,LVA @ CHI,8/25/2025,W,28,110.7,96.4,14.4,0.000,0,0.000,0.000,0.100,0.057,0.111,0.571,0.635,0.153,93.8,78.2,6.3,2
NaLyssa Smith,LVA,LVA @ WAS,8/23/2025,W,19,118.4,104.9,13.5,0.154,2,0.250,0.067,0.050,0.057,0.125,0.800,0.800,0.154,99.0,82.5,5.8,2
NaLyssa Smith,LVA,LVA vs. PHX,8/21/2025,W,23,104.8,100,4.8,0.154,0,0.182,0.048,0.133,0.098,0.000,0.625,0.676,0.196,90.2,75.2,17.3,2
NaLyssa Smith,LVA,LVA vs. ATL,8/19/2025,W,26,108.3,80.4,27.9,0.053,0.33,0.143,0.000,0.037,0.021,0.429,0.833,0.833,0.107,85.9,71.6,0,2
NaLyssa Smith,LVA,LVA vs. DAL,8/17/2025,W,22,143.9,97.7,46.2,0.067,0,0.091,0.000,0.167,0.100,0.000,0.625,0.717,0.217,93.7,78.1,14.8,2
NaLyssa Smith,LVA,LVA @ PHX,8/15/2025,W,26,109.8,90.4,19.4,0.000,0,0.000,0.043,0.258,0.167,0.273,0.429,0.444,0.186,95.6,79.7,3.6,2
NaLyssa Smith,LVA,LVA vs. NYL,8/13/2025,W,26,106,110.2,-4.2,0.000,0,0.000,0.074,0.182,0.122,0.167,0.500,0.647,0.094,90.6,75.5,5.5,2
NaLyssa Smith,LVA,LVA vs. CON,8/10/2025,W,22,120.9,102.3,18.6,0.000,0,0.000,0.050,0.238,0.146,0.222,0.400,0.417,0.170,95.9,80.0,3,2
NaLyssa Smith,LVA,LVA vs. SEA,8/8/2025,W,31,122.6,103.3,19.2,0.048,0.33,0.100,0.138,0.296,0.214,0.300,0.833,0.776,0.125,93.3,77.7,10.6,2
NaLyssa Smith,LVA,LVA @ GSV,8/6/2025,W,26,90.2,82,8.2,0.000,0,0.000,0.190,0.192,0.191,0.143,0.800,0.680,0.121,93.4,77.9,17.6,2
NaLyssa Smith,LVA,LVA vs. GSV,8/3/2025,W,16,69.7,79.4,-9.7,0.125,0.5,0.167,0.050,0.182,0.119,0.333,0.750,0.694,0.125,97.9,81.5,10,2
NaLyssa Smith,LVA,LVA vs. MIN,8/2/2025,L,17,94.1,147.1,-52.9,0.000,0,0.000,0.111,0.000,0.074,0.125,0.500,0.509,0.205,96.1,80.1,1.2,2
NaLyssa Smith,LVA,LVA @ LAS,7/29/2025,W,18,120,68.4,51.6,0.000,0,0.000,0.167,0.056,0.119,0.000,0.600,0.680,0.133,99.3,82.7,13.5,2
NaLyssa Smith,LVA,LVA @ DAL,7/27/2025,W,23,110.9,93,17.8,0.000,0,0.000,0.192,0.074,0.132,0.083,0.500,0.486,0.214,94.9,79.1,6,2
NaLyssa Smith,LVA,LVA @ MIN,7/25/2025,L,23,95.5,121.7,-26.3,0.000,0,0.000,0.000,0.217,0.094,0.000,0.600,0.592,0.135,94.1,78.4,9.6,2
NaLyssa Smith,LVA,LVA @ IND,7/24/2025,L,26,88.9,98.1,-9.2,0.143,0.67,0.133,0.120,0.233,0.182,0.200,0.500,0.512,0.224,96.4,80.4,11.7,2
NaLyssa Smith,LVA,LVA vs. ATL,7/22/2025,W,22,104.2,70,34.2,0.000,0,0.000,0.042,0.125,0.083,0.222,0.786,0.786,0.173,105.2,87.7,13.4,2
NaLyssa Smith,LVA,LVA @ DAL,7/16/2025,W,23,100,108.3,-8.3,0.059,0,0.100,0.160,0.143,0.151,0.000,0.286,0.400,0.158,99.9,83.2,7.7,2
NaLyssa Smith,LVA,LVA vs. GSV,7/12/2025,W,9,125,129.4,-4.4,0.143,0,0.500,0.000,0.000,0.000,0.000,1.000,1.000,0.056,84.0,70.0,-2.6,2
NaLyssa Smith,LVA,LVA @ WAS,7/10/2025,L,24,87.5,93.8,-6.3,0.133,0.67,0.154,0.000,0.190,0.091,0.231,0.333,0.387,0.204,95.3,79.5,-2.1,2
NaLyssa Smith,LVA,LVA @ NYL,7/8/2025,L,26,108,115.4,-7.4,0.083,1,0.111,0.043,0.115,0.082,0.111,0.800,0.814,0.145,95.2,79.3,9.2,2
NaLyssa Smith,LVA,LVA @ CON,7/6/2025,W,24,113.6,91.3,22.3,0.067,1,0.100,0.222,0.286,0.256,0.100,0.714,0.698,0.184,91.6,76.3,20.3,2
NaLyssa Smith,LVA,LVA @ IND,7/3/2025,L,23,77.5,111.9,-34.4,0.000,0,0.000,0.125,0.333,0.194,0.300,0.167,0.291,0.208,85.3,71.1,-4.4,2
Tiffany Mitchell,LVA,LVA @ PHX,6/29/2025,W,21,117.9,109.8,8.2,0.000,0,0.000,0.053,0.048,0.050,0.000,0.833,0.773,0.089,93.0,77.5,7.6,2
Tiffany Mitchell,LVA,LVA vs. WAS,6/26/2025,L,6,125,154.5,-29.5,0.000,0,0.000,0.000,0.000,0.000,0.000,0.333,0.436,0.250,100.1,83.4,0,2
Tiffany Mitchell,LVA,LVA vs. CON,6/25/2025,W,10,73.7,66.7,7,0.250,0.33,0.167,0.000,0.077,0.042,0.500,0.500,0.500,0.238,100.2,83.5,-18.8,2
Tiffany Mitchell,LVA,LVA vs. IND,6/22/2025,W,7,86.7,66.7,20,0.000,0,0.000,0.000,0.200,0.125,0.000,0.000,1.136,0.133,106.1,88.4,28.6,2
Tiffany Mitchell,LVA,LVA vs. SEA,6/20/2025,L,10,105.3,100,5.3,0.000,0,0.000,0.000,0.000,0.000,0.000,0.000,0.000,0.095,93.1,77.6,-8.7,2
Tiffany Mitchell,LVA,LVA @ MIN,6/17/2025,L,21,63.4,104.9,-41.5,0.000,0,0.000,0.045,0.160,0.106,0.250,0.833,0.833,0.170,93.6,78.0,26.1,2
Tiffany Mitchell,LVA,LVA vs. PHX,6/15/2025,L,15,90.3,116.1,-25.8,0.000,0,0.000,0.000,0.000,0.000,0.571,0.750,0.694,0.194,98.0,81.7,-5.9,2
Tiffany Mitchell,LVA,LVA vs. DAL,6/13/2025,W,13,110.7,96.4,14.3,0.000,0,0.000,0.083,0.333,0.208,0.000,0.000,0.758,0.094,102.6,85.5,15.8,2
Tiffany Mitchell,LVA,LVA vs. LAS,6/11/2025,L,12,92,125.9,-33.9,0.000,0,0.000,0.000,0.143,0.048,0.000,0.250,0.338,0.148,103.0,85.8,-4.7,2
Tiffany Mitchell,LVA,LVA @ GSV,6/7/2025,L,17,79.5,117.1,-37.7,0.143,1,0.143,0.000,0.063,0.030,0.143,0.500,0.512,0.154,105.5,87.9,0,2
Tiffany Mitchell,LVA,LVA @ SEA,6/1/2025,W,15,119.4,74.2,45.2,0.000,0,0.000,0.000,0.063,0.033,0.000,0.375,0.375,0.118,101.1,84.3,2.5,2
Tiffany Mitchell,LVA,LVA vs. LAS,5/30/2025,W,14,117.9,120.7,-2.8,0.222,1,0.286,0.067,0.000,0.042,0.286,0.750,0.868,0.156,99.8,83.2,4.1,2
Tiffany Mitchell,LVA,LVA @ SEA,5/25/2025,L,10,115,104.8,10.2,0.333,0,0.333,0.091,0.333,0.200,0.000,0.333,0.463,0.182,98.4,82.0,16,2
Tiffany Mitchell,LVA,LVA vs. WAS,5/23/2025,W,8,80,131.3,-51.3,0.000,0,0.000,0.000,0.000,0.000,0.000,0.000,0.532,0.118,95.5,79.6,3,2
Tiffany Mitchell,LVA,LVA @ CON,5/20/2025,W,16,87.9,82.4,5.5,0.125,0.5,0.167,0.059,0.167,0.114,0.333,0.000,0.725,0.128,102.0,85.0,10,2
Tiffany Mitchell,LVA,LVA @ NYL,5/17/2025,L,17,94.7,92.5,2.2,0.000,0,0.000,0.000,0.091,0.043,0.000,0.000,0.000,0.093,108.6,90.5,-4.4,2
A'ja Wilson,LVA,LVA @ PHX,10/10/2025,W,36,111.8,107.9,3.9,0.235,2,0.111,0.023,0.276,0.125,0.056,0.333,0.528,0.364,100.9,84.1,19.7,3
A'ja Wilson,LVA,LVA @ PHX,10/8/2025,W,38,115.3,115.1,0.2,0.267,1.33,0.125,0.079,0.275,0.179,0.094,0.575,0.672,0.326,90.7,75.6,29.8,3
A'ja Wilson,LVA,LVA vs. PHX,10/5/2025,W,32,127.7,96.9,30.8,0.136,1,0.100,0.107,0.306,0.219,0.100,0.565,0.565,0.360,97.2,81.0,19.7,3
A'ja Wilson,LVA,LVA vs. PHX,10/3/2025,W,38,110.5,107.9,2.6,0.208,0,0.200,0.103,0.167,0.133,0.000,0.438,0.526,0.235,96.0,80.0,16.3,3
A'ja Wilson,LVA,LVA vs. IND,9/30/2025,W,41,123.5,110,13.5,0.227,5,0.132,0.026,0.194,0.107,0.026,0.500,0.557,0.367,94.4,78.7,23.1,3
A'ja Wilson,LVA,LVA @ IND,9/28/2025,L,36,97.3,113.7,-16.4,0.188,1,0.094,0.000,0.225,0.127,0.094,0.583,0.582,0.377,98.1,81.7,26,3
A'ja Wilson,LVA,LVA @ IND,9/26/2025,W,38,106.8,95.9,10.9,0.167,1.33,0.148,0.000,0.178,0.105,0.111,0.325,0.318,0.280,93.4,77.8,5.4,3
A'ja Wilson,LVA,LVA vs. IND,9/23/2025,W,33,116.7,80.3,36.4,0.050,0.33,0.042,0.042,0.216,0.148,0.125,0.583,0.633,0.315,96.2,80.2,29.5,3
A'ja Wilson,LVA,LVA vs. IND,9/21/2025,L,34,98.5,107.5,-8.9,0.048,0.33,0.036,0.061,0.367,0.206,0.107,0.273,0.331,0.360,96.5,80.4,5.9,3
A'ja Wilson,LVA,LVA vs. SEA,9/18/2025,W,37,94.5,98.6,-4.1,0.250,3,0.086,0.000,0.128,0.070,0.029,0.538,0.616,0.410,94.4,78.7,30.1,3
A'ja Wilson,LVA,LVA @ SEA,9/16/2025,L,38,111,110.5,0.4,0.250,1.67,0.200,0.033,0.308,0.188,0.120,0.625,0.624,0.244,93.3,77.8,19.2,3
A'ja Wilson,LVA,LVA vs. SEA,9/14/2025,W,30,132.3,86.9,45.4,0.100,0.67,0.071,0.000,0.242,0.138,0.107,0.583,0.647,0.377,97.5,81.2,21,3
Aaliyah Nye,LVA,LVA @ PHX,10/8/2025,W,2,0,133.3,-133.3,0.000,0,0.000,0.000,0.000,0.000,0.000,0.000,0.000,0.000,65.5,54.6,-100,3
Aaliyah Nye,LVA,LVA vs. PHX,10/5/2025,W,2,0,0,0,0.000,0,0.000,0.000,0.000,0.000,0.000,0.000,0.000,0.000,86.4,72.0,0,3
Aaliyah Nye,LVA,LVA vs. PHX,10/3/2025,W,1,50,100,-50,0.000,0,0.000,0.000,0.000,0.000,0.000,0.000,0.000,0.250,117.2,97.7,-28.6,3
Aaliyah Nye,LVA,LVA vs. IND,9/23/2025,W,4,85.7,100,-14.3,0.000,0,0.000,0.000,0.000,0.000,0.000,0.000,0.000,0.000,88.9,74.1,-13.3,3
Aaliyah Nye,LVA,LVA vs. IND,9/21/2025,L,1,66.7,100,-33.3,0.000,0,0.000,0.000,0.000,0.000,0.000,0.000,0.000,0.000,96.0,80.0,0,3
Aaliyah Nye,LVA,LVA vs. SEA,9/14/2025,W,5,88.9,150,-61.1,0.000,0,0.000,0.000,0.500,0.100,0.000,0.000,0.000,0.167,91.5,76.3,-5.1,3
Chelsea Gray,LVA,LVA @ PHX,10/10/2025,W,38,114.1,102.6,11.5,0.200,0,0.200,0.000,0.121,0.051,0.000,0.533,0.537,0.176,99.5,82.9,11.6,3
Chelsea Gray,LVA,LVA @ PHX,10/8/2025,W,39,123.3,113.7,9.6,0.200,5,0.278,0.026,0.025,0.026,0.056,0.409,0.446,0.149,90.5,75.4,6.7,3
Chelsea Gray,LVA,LVA vs. PHX,10/5/2025,W,35,109.5,93.1,16.4,0.345,3.33,0.435,0.029,0.189,0.111,0.130,0.500,0.506,0.153,100.1,83.4,15.8,3
Chelsea Gray,LVA,LVA vs. PHX,10/3/2025,W,35,115.3,104.3,11,0.345,10,0.556,0.000,0.212,0.101,0.056,0.357,0.481,0.099,96.3,80.3,13.2,3
Chelsea Gray,LVA,LVA vs. IND,9/30/2025,W,39,114.5,110.7,3.8,0.261,6,0.316,0.000,0.057,0.027,0.053,0.667,0.683,0.151,93.0,77.5,15.7,3
Chelsea Gray,LVA,LVA @ IND,9/28/2025,L,38,101.3,113,-11.7,0.321,1.8,0.333,0.000,0.054,0.029,0.185,0.423,0.446,0.217,98.9,82.4,6.5,3
Chelsea Gray,LVA,LVA @ IND,9/26/2025,W,36,111.1,87.5,23.6,0.231,3,0.353,0.000,0.064,0.039,0.118,0.786,0.815,0.138,96.0,80.0,20.9,3
Chelsea Gray,LVA,LVA vs. IND,9/23/2025,W,31,111.3,79,32.3,0.385,3.33,0.500,0.000,0.030,0.018,0.150,0.333,0.410,0.149,97.1,80.9,10.3,3
Chelsea Gray,LVA,LVA vs. IND,9/21/2025,L,34,78.9,112.9,-34,0.222,2,0.222,0.050,0.107,0.074,0.111,0.500,0.523,0.175,99.9,83.2,10.6,3
Chelsea Gray,LVA,LVA vs. SEA,9/18/2025,W,37,94.6,90.5,4.1,0.381,1.6,0.381,0.000,0.054,0.029,0.238,0.750,0.750,0.163,96.3,80.3,12.4,3
Chelsea Gray,LVA,LVA @ SEA,9/16/2025,L,36,111.6,98.6,13,0.375,4.5,0.450,0.000,0.024,0.014,0.100,0.389,0.389,0.143,93.6,78.0,5.9,3
Chelsea Gray,LVA,LVA vs. SEA,9/14/2025,W,28,128.6,87.5,41.1,0.240,6,0.500,0.037,0.100,0.070,0.083,0.375,0.512,0.095,97.8,81.5,11.1,3
Cheyenne Parker-Tyus,LVA,LVA vs. PHX,10/5/2025,W,2,0,0,0,0.000,0,0.000,0.000,0.333,0.167,0.000,0.000,0.000,0.333,86.4,72.0,0,3
Cheyenne Parker-Tyus,LVA,LVA vs. IND,9/23/2025,W,4,85.7,100,-14.3,0.000,0,0.000,0.250,0.000,0.200,0.000,0.333,0.333,0.375,88.9,74.1,6.7,3
Cheyenne Parker-Tyus,LVA,LVA vs. IND,9/21/2025,L,5,40,144.4,-104.4,0.000,0,0.000,0.000,0.000,0.000,0.000,0.000,0.000,0.091,99.1,82.6,-6.7,3
Cheyenne Parker-Tyus,LVA,LVA vs. SEA,9/18/2025,W,10,70,90,-20,0.250,0,0.250,0.000,0.133,0.080,0.000,0.000,0.347,0.150,98.8,82.3,12.2,3
Cheyenne Parker-Tyus,LVA,LVA @ SEA,9/16/2025,L,6,160,120,40,0.000,0,0.000,0.000,0.000,0.000,0.500,0.000,0.568,0.182,87.2,72.6,-17.4,3
Cheyenne Parker-Tyus,LVA,LVA vs. SEA,9/14/2025,W,11,145.5,100,45.5,0.000,0,0.000,0.250,0.000,0.100,0.250,1.167,1.167,0.160,97.9,81.6,8.4,3
Dana Evans,LVA,LVA @ PHX,10/10/2025,W,21,106.5,97.8,8.7,0.182,0,0.200,0.000,0.056,0.022,0.000,0.571,0.635,0.157,103.0,85.8,8.2,3
Dana Evans,LVA,LVA @ PHX,10/8/2025,W,16,125.8,133.3,-7.5,0.100,0,0.167,0.063,0.000,0.038,0.000,0.600,0.600,0.132,92.4,77.0,-2.3,3
Dana Evans,LVA,LVA vs. PHX,10/5/2025,W,26,85.5,82.1,3.3,0.313,1.67,0.385,0.000,0.000,0.000,0.231,0.500,0.500,0.131,104.5,87.1,1.3,3
Dana Evans,LVA,LVA vs. PHX,10/3/2025,W,26,119.2,103.9,15.3,0.200,0,0.188,0.000,0.077,0.040,0.000,0.808,0.808,0.224,96.7,80.6,22.4,3
Dana Evans,LVA,LVA vs. IND,9/30/2025,W,20,147.5,116.2,31.3,0.118,0.5,0.154,0.000,0.000,0.000,0.308,0.357,0.357,0.244,93.6,78.0,-6.4,3
Dana Evans,LVA,LVA @ IND,9/28/2025,L,13,84.6,80.8,3.8,0.167,0,0.200,0.000,0.000,0.000,0.000,0.375,0.375,0.138,98.0,81.7,3.4,3
Dana Evans,LVA,LVA @ IND,9/26/2025,W,23,112.8,78.3,34.5,0.294,1.67,0.333,0.000,0.036,0.022,0.200,0.600,0.740,0.189,97.8,81.5,17.2,3
Dana Evans,LVA,LVA vs. IND,9/23/2025,W,19,116.7,86.1,30.6,0.273,0,0.250,0.000,0.067,0.029,0.000,0.556,0.556,0.200,93.4,77.8,18.2,3
Dana Evans,LVA,LVA vs. IND,9/21/2025,L,23,100,91.5,8.5,0.250,3,0.231,0.000,0.095,0.047,0.077,0.722,0.742,0.196,96.8,80.7,20.5,3
Dana Evans,LVA,LVA vs. SEA,9/18/2025,W,15,85.7,103.4,-17.7,0.222,0,0.333,0.000,0.000,0.000,0.000,0.000,0.258,0.133,94.7,78.9,-2,3
Dana Evans,LVA,LVA @ SEA,9/16/2025,L,14,104,122.2,-18.2,0.222,2,0.400,0.000,0.000,0.000,0.200,0.000,0.532,0.111,92.2,76.9,0,3
Dana Evans,LVA,LVA vs. SEA,9/14/2025,W,23,126.1,104.3,21.8,0.462,0,0.353,0.042,0.136,0.087,0.000,0.591,0.591,0.204,98.5,82.1,16.8,3
Jackie Young,LVA,LVA @ PHX,10/10/2025,W,35,112.3,114.1,-1.8,0.444,4,0.296,0.050,0.185,0.104,0.074,0.393,0.514,0.226,100.0,83.3,16,3
Jackie Young,LVA,LVA @ PHX,10/8/2025,W,37,115.5,115.1,0.4,0.450,0,0.300,0.028,0.049,0.039,0.000,0.417,0.509,0.253,92.4,77.0,17.6,3
Jackie Young,LVA,LVA vs. PHX,10/5/2025,W,34,115.1,104.2,10.8,0.091,0.67,0.074,0.088,0.135,0.113,0.111,0.675,0.721,0.301,100.4,83.7,19.4,3
Jackie Young,LVA,LVA vs. PHX,10/3/2025,W,32,103.1,115.9,-12.8,0.227,2.5,0.227,0.029,0.048,0.036,0.091,0.231,0.339,0.230,96.9,80.8,1.1,3
Jackie Young,LVA,LVA vs. IND,9/30/2025,W,44,122.4,110.6,11.8,0.370,0,0.303,0.024,0.079,0.051,0.000,0.600,0.680,0.242,93.6,78.0,20.1,3
Jackie Young,LVA,LVA @ IND,9/28/2025,L,38,101.3,110.4,-9.1,0.346,4.5,0.409,0.063,0.075,0.069,0.091,0.700,0.765,0.157,98.0,81.7,16.3,3
Jackie Young,LVA,LVA @ IND,9/26/2025,W,34,106.2,101.5,4.6,0.222,1,0.160,0.000,0.122,0.074,0.160,0.679,0.751,0.292,92.4,77.0,24.5,3
Jackie Young,LVA,LVA vs. IND,9/23/2025,W,32,118.8,87.3,31.4,0.208,1.67,0.263,0.115,0.061,0.085,0.158,0.545,0.568,0.189,94.2,78.5,8.6,3
Jackie Young,LVA,LVA vs. IND,9/21/2025,L,35,92.8,120.3,-27.5,0.118,0.4,0.087,0.088,0.160,0.119,0.217,0.594,0.578,0.276,95.7,79.7,8,3
Jackie Young,LVA,LVA vs. SEA,9/18/2025,W,34,94.2,91.2,3,0.056,0.33,0.059,0.034,0.027,0.030,0.176,0.542,0.543,0.213,95.6,79.7,7.2,3
Jackie Young,LVA,LVA @ SEA,9/16/2025,L,35,106,111.8,-5.8,0.250,2,0.154,0.034,0.105,0.075,0.077,0.500,0.609,0.293,93.6,78.0,15.7,3
Jackie Young,LVA,LVA vs. SEA,9/14/2025,W,28,132.7,85.5,47.3,0.333,1.75,0.333,0.091,0.097,0.094,0.190,0.889,0.911,0.226,94.6,78.9,21.5,3
Jewell Loyd,LVA,LVA @ PHX,10/10/2025,W,31,118.5,95.2,23.3,0.056,1,0.083,0.079,0.038,0.063,0.083,0.600,0.600,0.143,99.6,83.0,6.6,3
Jewell Loyd,LVA,LVA @ PHX,10/8/2025,W,30,131,108.6,22.4,0.050,0.5,0.083,0.107,0.129,0.119,0.167,0.857,0.913,0.157,92.7,77.2,14.5,3
Jewell Loyd,LVA,LVA vs. PHX,10/5/2025,W,30,118.8,88.7,30,0.000,0,0.000,0.067,0.139,0.106,0.000,0.563,0.563,0.111,102.0,85.0,9.8,3
Jewell Loyd,LVA,LVA vs. PHX,10/3/2025,W,35,111.4,107.1,4.3,0.000,0,0.000,0.056,0.063,0.059,0.059,0.563,0.563,0.213,97.1,80.9,5.7,3
Jewell Loyd,LVA,LVA vs. IND,9/30/2025,W,32,128.1,112.9,15.2,0.038,0,0.111,0.118,0.077,0.100,0.000,0.429,0.508,0.113,95.2,79.3,4.8,3
Jewell Loyd,LVA,LVA @ IND,9/28/2025,L,32,90.9,109.4,-18.5,0.000,0,0.000,0.031,0.061,0.046,0.111,0.375,0.375,0.127,96.3,80.3,2.4,3
Jewell Loyd,LVA,LVA @ IND,9/26/2025,W,23,84.1,80,4.1,0.000,0,0.000,0.000,0.069,0.040,0.250,0.000,0.000,0.082,91.4,76.2,-9.1,3
Jewell Loyd,LVA,LVA vs. IND,9/23/2025,W,26,117.3,75,42.3,0.053,0.33,0.111,0.043,0.111,0.080,0.333,1.000,1.050,0.129,96.4,80.4,11.3,3
Jewell Loyd,LVA,LVA vs. IND,9/21/2025,L,28,91.5,94.7,-3.2,0.048,1,0.143,0.000,0.040,0.019,0.143,0.300,0.300,0.092,99.0,82.5,-2.2,3
Jewell Loyd,LVA,LVA vs. SEA,9/18/2025,W,29,98.1,91.2,6.9,0.105,2,0.286,0.077,0.091,0.085,0.143,0.500,0.500,0.085,91.6,76.3,8.3,3
Jewell Loyd,LVA,LVA @ SEA,9/16/2025,L,29,116.4,116.4,0,0.125,2,0.143,0.043,0.000,0.020,0.071,0.611,0.604,0.194,90.3,75.3,5.4,3
Jewell Loyd,LVA,LVA vs. SEA,9/14/2025,W,26,130.9,77.8,53.1,0.053,0,0.100,0.043,0.067,0.057,0.000,0.722,0.742,0.145,101.7,84.7,12.8,3
Kiah Stokes,LVA,LVA @ PHX,10/10/2025,W,1,0,66.7,-66.7,0.000,0,0.000,0.000,0.000,0.000,0.000,0.000,0.000,0.000,221.5,184.6,0,3
Kiah Stokes,LVA,LVA @ PHX,10/8/2025,W,0,0,0,0,0.000,0,0.000,0.000,0.000,0.000,0.000,0.000,0.000,0.000,4800.0,4000.0,0,3
Kiah Stokes,LVA,LVA vs. PHX,10/3/2025,W,0,0,0,0,0.000,0,0.000,0.000,0.000,0.000,0.000,0.000,0.000,0.000,213.3,177.8,0,3
Kiah Stokes,LVA,LVA vs. IND,9/30/2025,W,0,0,66.7,-66.7,0.000,0,0.000,0.000,0.000,0.000,0.000,0.000,0.000,0.000,566.9,472.4,0,3
Kiah Stokes,LVA,LVA @ IND,9/28/2025,L,0,0,0,0,0.000,0,0.000,0.000,0.000,0.000,0.000,0.000,0.000,0.000,1600.0,1333.3,0,3
Kiah Stokes,LVA,LVA vs. IND,9/23/2025,W,4,85.7,100,-14.3,0.000,0,0.000,0.000,1.000,0.200,0.000,0.000,0.000,0.000,88.9,74.1,0,3
Kiah Stokes,LVA,LVA vs. IND,9/21/2025,L,1,66.7,100,-33.3,0.000,0,0.000,0.000,0.000,0.000,0.000,0.000,0.000,0.000,96.0,80.0,0,3
Kiah Stokes,LVA,LVA vs. SEA,9/18/2025,W,0,0,0,0,0.000,0,0.000,0.000,0.000,0.000,0.000,0.000,0.000,0.000,116.1,96.8,0,3
Kiah Stokes,LVA,LVA vs. SEA,9/14/2025,W,5,88.9,150,-61.1,0.000,0,0.000,0.000,0.000,0.000,0.000,0.000,0.000,0.000,91.5,76.3,-5.1,3
Kierstan Bell,LVA,LVA @ PHX,10/10/2025,W,7,128.6,118.8,9.8,0.000,0,0.000,0.000,0.200,0.100,0.000,1.500,1.500,0.067,104.8,87.3,14.5,3
Kierstan Bell,LVA,LVA @ PHX,10/8/2025,W,11,71.4,127.3,-55.8,0.000,0,0.000,0.000,0.000,0.000,0.000,0.000,0.000,0.080,97.5,81.3,-5.3,3
Kierstan Bell,LVA,LVA vs. PHX,10/5/2025,W,7,69.2,100,-30.8,0.000,0,0.000,0.000,0.000,0.000,0.000,0.500,0.500,0.143,93.6,78.0,0,3
Kierstan Bell,LVA,LVA vs. PHX,10/3/2025,W,5,100,91.7,8.3,0.000,0,0.000,0.000,0.250,0.111,0.000,0.833,0.833,0.273,102.2,85.2,20.8,3
Kierstan Bell,LVA,LVA vs. IND,9/30/2025,W,6,76.9,123.1,-46.2,0.000,0,0.000,0.000,0.000,0.000,0.000,0.000,0.000,0.000,100.9,84.1,0,3
Kierstan Bell,LVA,LVA @ IND,9/28/2025,L,6,146.2,138.5,7.7,0.000,0,0.000,0.000,0.000,0.000,0.000,1.500,1.500,0.077,107.9,89.9,5.2,3
Kierstan Bell,LVA,LVA @ IND,9/26/2025,W,7,128.6,135.7,-7.1,0.143,0,1.000,0.000,0.000,0.000,0.000,0.000,0.000,0.000,97.4,81.2,4.4,3
Kierstan Bell,LVA,LVA vs. IND,9/23/2025,W,10,100,114.3,-14.3,0.125,0,0.250,0.000,0.200,0.071,0.000,0.667,0.667,0.136,96.3,80.3,13.8,3
Kierstan Bell,LVA,LVA vs. IND,9/21/2025,L,16,93.3,134.4,-41,0.083,0,0.333,0.000,0.000,0.000,0.000,0.000,0.000,0.061,92.7,77.3,-1.4,3
Kierstan Bell,LVA,LVA vs. SEA,9/18/2025,W,20,105.1,87.2,17.9,0.063,0.5,0.167,0.059,0.400,0.219,0.333,0.000,0.000,0.109,95.0,79.2,4.2,3
Kierstan Bell,LVA,LVA @ SEA,9/16/2025,L,12,76,104,-28,0.000,0,0.000,0.091,0.000,0.037,0.250,1.167,1.167,0.148,104.8,87.3,14.1,3
Kierstan Bell,LVA,LVA vs. SEA,9/14/2025,W,15,113.8,120.7,-6.9,0.000,0,0.000,0.000,0.083,0.034,0.000,0.417,0.417,0.176,94.1,78.4,1.6,3
Megan Gustafson,LVA,LVA @ PHX,10/10/2025,W,9,109.5,80,29.5,0.000,0,0.000,0.000,0.125,0.053,0.000,0.000,0.000,0.000,104.3,86.9,0,3
Megan Gustafson,LVA,LVA @ PHX,10/8/2025,W,11,84.2,110.5,-26.3,0.000,0,0.000,0.077,0.111,0.091,0.667,0.000,0.000,0.115,85.5,71.3,-10.9,3
Megan Gustafson,LVA,LVA vs. PHX,10/5/2025,W,13,100,103.1,-3.1,0.000,0,0.000,0.000,0.000,0.000,0.000,0.333,0.333,0.091,116.7,97.3,-3.7,3
Megan Gustafson,LVA,LVA vs. PHX,10/3/2025,W,11,129.2,112.5,16.7,0.100,0,0.500,0.000,0.083,0.043,0.000,1.000,1.000,0.036,102.3,85.2,7,3
Megan Gustafson,LVA,LVA vs. IND,9/30/2025,W,18,108.3,114.3,-6,0.167,0,0.500,0.000,0.000,0.000,0.000,1.250,1.250,0.049,96.1,80.1,10.5,3
Megan Gustafson,LVA,LVA @ IND,9/28/2025,L,15,108.8,120.6,-11.8,0.000,0,0.000,0.000,0.067,0.037,0.333,0.500,0.500,0.086,107.0,89.2,-5.4,3
Megan Gustafson,LVA,LVA @ IND,9/26/2025,W,6,108.3,91.7,16.7,0.000,0,0.000,0.250,0.143,0.200,0.000,0.833,0.833,0.200,93.7,78.1,30,3
Megan Gustafson,LVA,LVA vs. IND,9/23/2025,W,7,125,80,45,0.000,0,0.000,0.000,0.000,0.000,0.000,0.333,0.333,0.143,103.6,86.3,-4.8,3
Megan Gustafson,LVA,LVA vs. IND,9/21/2025,L,8,85,55.6,29.4,0.000,0,0.000,0.000,0.250,0.125,0.000,0.000,1.136,0.083,110.6,92.1,36.4,3
Megan Gustafson,LVA,LVA vs. SEA,9/14/2025,W,5,88.9,150,-61.1,0.000,0,0.000,0.125,0.500,0.200,0.000,0.000,0.000,0.250,91.5,76.3,-7.7,3
NaLyssa Smith,LVA,LVA @ PHX,10/10/2025,W,23,137.8,102.2,35.6,0.000,0,0.000,0.160,0.045,0.106,0.286,0.500,0.512,0.130,94.9,79.1,0,3
NaLyssa Smith,LVA,LVA @ PHX,10/8/2025,W,17,144.1,91.7,52.5,0.059,0,0.200,0.133,0.227,0.189,0.000,0.250,0.250,0.103,101.5,84.6,1.9,3
NaLyssa Smith,LVA,LVA vs. PHX,10/5/2025,W,21,107.1,95.2,11.9,0.056,1,0.143,0.000,0.238,0.116,0.143,0.250,0.307,0.125,96.9,80.7,4.1,3
NaLyssa Smith,LVA,LVA vs. PHX,10/3/2025,W,16,81.8,100,-18.2,0.000,0,0.000,0.053,0.385,0.188,0.200,1.000,0.532,0.139,96.6,80.5,7.9,3
NaLyssa Smith,LVA,LVA vs. IND,9/30/2025,W,26,112.5,108,4.5,0.000,0,0.000,0.000,0.042,0.022,0.167,0.400,0.460,0.118,90.9,75.7,-0.6,3
NaLyssa Smith,LVA,LVA @ IND,9/28/2025,L,22,107,100,7,0.000,0,0.000,0.000,0.091,0.051,0.375,0.800,0.800,0.170,96.2,80.1,1.9,3
NaLyssa Smith,LVA,LVA @ IND,9/26/2025,W,33,112.5,87.7,24.8,0.000,0,0.000,0.071,0.047,0.056,0.071,0.615,0.595,0.194,94.1,78.4,10.8,3
NaLyssa Smith,LVA,LVA vs. IND,9/23/2025,W,30,113.6,89.8,23.7,0.053,0.5,0.063,0.083,0.161,0.127,0.125,0.778,0.694,0.221,94.0,78.4,14.7,3
NaLyssa Smith,LVA,LVA vs. IND,9/21/2025,L,15,75,141.9,-66.9,0.000,0,0.000,0.053,0.091,0.067,0.000,0.500,0.500,0.111,100.1,83.4,5.6,3
NaLyssa Smith,LVA,LVA vs. SEA,9/18/2025,W,18,103,82.9,20.2,0.154,2,0.333,0.000,0.308,0.167,0.167,0.333,0.333,0.108,89.8,74.8,0,3
NaLyssa Smith,LVA,LVA @ SEA,9/16/2025,L,31,101.7,103.3,-1.6,0.000,0,0.000,0.037,0.206,0.131,0.000,0.600,0.595,0.090,93.8,78.2,11.9,3
NaLyssa Smith,LVA,LVA vs. SEA,9/14/2025,W,25,123.1,79.6,43.4,0.050,0,0.100,0.120,0.207,0.167,0.000,0.667,0.637,0.153,100.2,83.5,17.5,3