season_stats,player_name,team_name,team_abbr,position,games_played_total,min_total,USG%,PPP,ppsa,EFG%,FT_Rate,3p_rate,%pts_ft,%pts_2p,%pts_3p,OREB%,DREB%,TREB%,AST%,TOV%,AST_TOV,STL%,BLK%,PF%,PER,PER_Min,win_shares,off_ws,def_ws,ws_per_40min,off_ws_per_40min,def_ws_per_40min,player_off_rtg,player_def_rtg,ts_pct,G,GS,MPG,PPG,FGM,FGA,FG%,2PM,2PA,2P%,3PM,3PA,3P%,FTM,FTA,FT%,OREB,DREB,TREB,AST,TOV,STL,BLK,PF,PER_rank,PER_Min_rank,win_shares_rank,off_ws_rank,def_ws_rank,ws_per_40min_rank,off_ws_per_40min_rank,def_ws_per_40min_rank,player_off_rtg_rank,player_def_rtg_rank,ts_pct_rank
2025,A'ja Wilson,Las Vegas Aces,LVA,C,40,1247,0.317,1.07,1.19,0.524,0.180,0.075,0.265,0.655,0.080,0.085,0.298,0.191,0.198,0.099,1.4,0.023,0.065,0.027,33.1,41343,8.9,6.3,2.6,0.29,0.2,0.08,118.6,93.3,0.595,40,40,31.2,23.4,8.3,16.4,0.505,7.7,15,0.513,0.6,1.5,0.424,6.2,7.3,0.855,2.3,7.9,10.2,3.1,2.2,1.6,2.3,1.9,1,1,1,1,1,2,2,4,8,4,
2025,Aaliyah Edwards,Connecticut Sun,CON,F,36,534,0.199,0.82,0.99,0.448,0.225,0.046,0.289,0.711,0.000,0.103,0.191,0.148,0.066,0.173,0.49,0.020,0.025,0.048,13,6951,0.9,0.2,0.7,0.07,0.02,0.05,95.7,100.4,0.495,36,0,14.8,5.4,1.9,4.3,0.448,1.9,4,0.476,0,0.3,0.000,1.6,2.4,0.644,1.3,2.4,3.7,0.6,1.1,0.6,0.4,1.6,79,97,96,107,69,90,107,46,108,46,
2025,Aaliyah Nye,Las Vegas Aces,LVA,G-F,44,671,0.138,0.82,0.94,0.453,0.131,0.659,0.083,0.260,0.657,0.026,0.090,0.057,0.056,0.131,0.89,0.009,0.012,0.038,5.8,3909,0.3,-0.1,0.3,0.02,0,0.02,90.9,106.2,0.470,44,2,15.3,3.8,1.3,3.9,0.345,0.5,1.2,0.415,0.8,2.7,0.314,0.3,0.4,0.824,0.3,1.2,1.5,0.5,0.6,0.3,0.2,1.3,132,117,124,129,101,125,129,106,129,106,
2025,Aari McDonald,Indiana Fever,IND,G,20,525,0.188,0.88,1.11,0.506,0.224,0.443,0.204,0.429,0.367,0.020,0.092,0.055,0.285,0.207,2.04,0.021,0.005,0.042,14.1,7383,1.4,0.9,0.5,0.11,0.07,0.04,105.8,102.8,0.555,20,13,26.3,9.8,3.3,7.7,0.429,2.1,3.8,0.553,1.2,3.9,0.308,2,2.6,0.784,0.5,1.9,2.4,4.7,2.3,1.3,0.2,2.5,64,91,78,72,87,57,51,73,57,73,
2025,Aerial Powers,Indiana Fever,IND,G,10,167,0.226,0.88,1.01,0.469,0.148,0.260,0.176,0.541,0.284,0.070,0.242,0.147,0.185,0.131,1.82,0.022,0.006,0.053,16.4,2736,0.6,0.3,0.3,0.15,0.07,0.08,104.7,94.6,0.505,10,0,16.7,7.4,2.7,6.5,0.415,2,4.6,0.435,0.7,1.9,0.368,1.3,1.9,0.684,1,2.9,3.9,2,1.1,0.8,0.1,1.9,,,,,,,,,,,
2025,Ajae Petty,Dallas Wings,DAL,C,2,6,0.000,--,--,--,--,--,--,--,--,0.000,0.167,0.083,0.000,--,--,0.000,0.000,0.071,-0.9,-5,0,0,0,0.01,0,0.01,--,107.5,--,2,0,3.2,0,0,0,--,0,0,--,0,0,--,0,0,--,0,0.5,0.5,0,0,0,0,0.5,,,,,,,,,,,
2025,Alanna Smith,Minnesota Lynx,MIN,F,42,1114,0.173,0.96,1.13,0.565,0.142,0.450,0.077,0.530,0.394,0.071,0.156,0.114,0.167,0.154,1.86,0.022,0.066,0.047,18,20095,4.5,2.2,2.3,0.16,0.08,0.08,110,93.7,0.565,42,42,26.5,9.6,3.8,7.9,0.485,2.5,4,0.633,1.3,3.8,0.329,0.7,1.5,0.477,1.5,3.5,5.1,2.9,1.5,1.3,1.9,2.8,34,28,17,30,2,20,38,5,39,5,
2025,Alexis Prince,Phoenix Mercury,PHX,F,1,22,0.130,0.33,0.67,0.333,0.000,0.333,0.000,1.000,0.000,0.000,0.364,0.216,0.063,0.500,0.33,0.000,0.000,0.021,-1.4,-30,0,-0.1,0.1,0,-0.17,0.17,40.5,76.1,0.335,1,0,22.1,2,1,3,0.333,1,2,0.500,0,1,0.000,0,0,--,0,8,8,1,3,0,0,1,,,,,,,,,,,
2025,Alissa Pili,Los Angeles Sparks,LAS,F,19,99,0.198,1,1.23,0.536,0.304,0.343,0.302,0.419,0.279,0.053,0.169,0.117,0.045,0.186,0.38,0.009,0.010,0.059,12.5,1232,0.2,0.2,0.1,0.1,0.07,0.03,106.3,103.2,0.615,19,0,5.2,2.3,0.7,1.5,0.464,0.5,0.8,0.563,0.2,0.6,0.333,0.7,0.8,0.867,0.2,0.8,1,0.2,0.4,0.1,0.1,0.7,,,,,,,,,,,
2025,Aliyah Boston,Indiana Fever,IND,C-F,44,1327,0.217,1.01,1.16,0.544,0.124,0.051,0.170,0.803,0.027,0.096,0.237,0.165,0.212,0.124,2.01,0.018,0.028,0.046,22.5,29890,6.7,4.7,2,0.2,0.14,0.06,117.9,98.1,0.580,44,44,30.2,15,6.2,11.5,0.538,6,10.8,0.558,0.1,0.7,0.207,2.5,3.3,0.762,2.4,5.8,8.2,3.7,1.8,1.2,0.9,3.1,7,5,4,6,9,6,7,28,9,28,
2025,Allisha Gray,Atlanta Dream,ATL,G,42,1451,0.226,1.07,1.19,0.540,0.263,0.392,0.237,0.383,0.380,0.030,0.151,0.091,0.177,0.102,1.99,0.014,0.009,0.035,19.6,28457,7.2,5.2,2,0.2,0.14,0.06,119,99.2,0.595,42,42,34.5,18.4,5.9,13,0.451,3.5,6.9,0.509,2.3,6.1,0.384,4.4,5.5,0.799,0.9,4.5,5.3,3.5,1.8,1.1,0.4,2.6,20,8,3,3,8,7,4,38,6,39,
2025,Alysha Clark,Washington Mystics,WAS,F,42,828,0.108,0.84,0.95,0.453,0.160,0.561,0.117,0.405,0.479,0.024,0.150,0.087,0.093,0.114,2.32,0.014,0.004,0.045,7.1,5868,1,0.3,0.8,0.05,0.01,0.04,97.3,102.9,0.475,42,15,19.7,3.9,1.4,3.8,0.371,0.8,1.5,0.524,0.6,2.3,0.271,0.5,0.6,0.731,0.4,2.4,2.8,1.2,0.5,0.6,0.1,1.9,124,108,89,104,63,105,111,75,101,75,
2025,Alyssa Thomas,Phoenix Mercury,PHX,F,39,1221,0.243,0.9,1.13,0.532,0.147,0.011,0.195,0.805,0.000,0.058,0.266,0.160,0.533,0.203,2.64,0.023,0.013,0.030,25.1,30588,6.6,4.4,2.2,0.22,0.14,0.07,113.5,95.7,0.565,39,39,31.3,15.4,6.2,11.6,0.532,6.2,11.5,0.539,0,0.2,0.000,3,4.3,0.692,1.6,7.2,8.8,9.2,3.5,1.6,0.4,2.1,3,4,5,9,4,3,5,7,24,7,
2025,Amy Okonkwo,Dallas Wings,DAL,F,8,157,0.215,1.13,1.24,0.574,0.244,0.423,0.205,0.455,0.341,0.049,0.150,0.096,0.063,0.090,0.86,0.032,0.007,0.032,21.9,3429,0.5,0.5,0,0.14,0.14,0,120.6,110.1,0.620,8,1,19.6,11,3.8,7.6,0.492,2.5,3.9,0.645,1.3,3.8,0.333,2.3,2.5,0.900,0.9,2.3,3.1,0.8,0.9,1.4,0.1,1.4,,,,,,,,,,,
2025,Anastasiia Olairi Kosu,Minnesota Lynx,MIN,F,21,80,0.244,0.81,0.97,0.448,0.206,0.056,0.257,0.743,0.000,0.159,0.068,0.112,0.091,0.163,0.71,0.006,0.045,0.051,13.9,1105,0.2,0.1,0.1,0.08,0.04,0.04,98.7,101.6,0.485,21,0,3.8,1.7,0.6,1.4,0.448,0.6,1.3,0.481,0,0.1,0.000,0.4,0.7,0.600,0.5,0.2,0.7,0.2,0.3,0,0.2,0.4,,,,,,,,,,,
2025,Aneesah Morrow,Connecticut Sun,CON,F,41,775,0.225,0.81,0.92,0.405,0.164,0.219,0.229,0.599,0.172,0.125,0.319,0.219,0.049,0.118,0.46,0.019,0.023,0.047,14.9,11528,1,0.3,0.7,0.05,0.02,0.04,94.9,103,0.460,41,23,18.9,7.7,2.7,7.3,0.375,2.3,5.5,0.420,0.4,1.8,0.240,1.8,2.3,0.758,2,4.8,6.9,0.5,1.1,0.8,0.4,2,58,62,94,102,66,101,109,79,113,78,
2025,Angel Reese,Chicago Sky,CHI,F,30,947,0.242,0.83,1.07,0.464,0.200,0.053,0.295,0.677,0.027,0.156,0.299,0.230,0.204,0.223,0.93,0.021,0.020,0.048,19.6,18533,2.3,1.3,1,0.1,0.06,0.04,100.6,101.9,0.535,30,30,31.6,14.7,5.1,11.1,0.458,5,10.4,0.478,0.1,0.7,0.182,4.3,5.7,0.756,4.1,8.5,12.6,3.7,3.9,1.5,0.7,3.4,22,31,46,51,47,66,66,66,84,65,
2025,Ariel Atkins,Chicago Sky,CHI,G,34,970,0.221,0.91,1.1,0.503,0.143,0.293,0.179,0.532,0.289,0.029,0.107,0.069,0.226,0.171,1.45,0.024,0.023,0.047,16,15499,2,1.5,0.4,0.08,0.06,0.02,103.6,106.5,0.550,34,34,28.5,13.1,4.8,10.7,0.444,3.5,7.2,0.484,1.3,3.5,0.361,2.4,2.7,0.860,0.7,2.7,3.4,3.6,2.5,1.6,0.7,3,48,39,59,42,92,77,62,107,70,107,
2025,Arike Ogunbowale,Dallas Wings,DAL,G,29,966,0.230,0.87,0.98,0.423,0.177,0.346,0.240,0.440,0.320,0.011,0.077,0.043,0.212,0.116,2,0.018,0.007,0.034,13.3,12825,1.3,1.3,0,0.05,0.05,0,101.8,110,0.490,29,29,33.3,15.5,5.1,13.9,0.364,3.4,8.5,0.402,1.7,5.4,0.304,3.7,4,0.931,0.3,2.1,2.5,4.1,2.1,1.3,0.2,2.6,74,48,79,52,125,99,70,125,80,125,
2025,Aziaha James,Dallas Wings,DAL,G,38,673,0.220,0.82,0.93,0.430,0.122,0.364,0.144,0.519,0.337,0.060,0.132,0.095,0.145,0.110,1.55,0.016,0.010,0.030,12.5,8402,0.5,0.4,0.1,0.03,0.02,0.01,96.5,109,0.465,38,8,17.7,7.5,2.8,7.5,0.373,1.9,4.5,0.430,0.8,2.9,0.286,1.1,1.4,0.745,0.9,2,2.9,1.6,1,0.6,0.2,1.2,85,81,114,97,119,121,101,120,104,120,
2025,Azurá Stevens,Los Angeles Sparks,LAS,C-F,44,1249,0.191,1.04,1.19,0.564,0.165,0.410,0.141,0.463,0.396,0.073,0.260,0.169,0.125,0.119,1.47,0.019,0.035,0.034,20,24953,4.5,3.4,1.1,0.14,0.11,0.04,115.5,102.9,0.595,44,44,28.4,12.8,4.6,9.7,0.478,3,5.3,0.558,1.7,4.4,0.381,1.8,2.3,0.790,1.7,6.3,8,2.1,1.5,1.2,1.1,2.2,17,14,19,15,38,31,19,76,16,76,
2025,Breanna Stewart,New York Liberty,NYL,F,31,948,0.267,1.02,1.14,0.487,0.215,0.175,0.299,0.590,0.111,0.040,0.200,0.124,0.213,0.108,1.8,0.019,0.041,0.027,23.7,22486,4.7,3.2,1.5,0.2,0.13,0.07,112.6,97.3,0.570,31,31,30.6,18.3,6.1,13.2,0.461,5.4,10.4,0.520,0.7,2.8,0.241,5.5,6.5,0.837,1,5.5,6.5,3.5,1.9,1.4,1.4,1.9,5,19,14,17,17,8,12,19,27,20,
2025,Bree Hall,Indiana Fever,IND,G,4,17,0.231,0.33,0.5,0.200,0.250,0.333,0.333,0.667,0.000,0.000,0.176,0.097,0.000,0.333,0,0.000,0.000,0.105,-15,-261,-0.1,-0.1,0,-0.24,-0.33,0.09,33.7,92.2,0.250,4,0,4.4,0.8,0.3,1.3,0.200,0.3,0.8,0.333,0,0.5,0.000,0.3,0.8,0.333,0,0.8,0.8,0,0.8,0,0,1,,,,,,,,,,,
2025,Bria Hartley,Connecticut Sun,CON,G,38,867,0.210,0.83,1,0.454,0.228,0.438,0.211,0.309,0.481,0.015,0.093,0.052,0.233,0.168,1.72,0.015,0.000,0.049,10.7,9253,0.4,0.6,-0.1,0.02,0.03,-0.01,97,111.2,0.500,38,32,22.8,8.9,2.8,7.7,0.362,1.4,3.8,0.356,1.4,3.9,0.367,1.9,2.4,0.772,0.3,1.7,2,3.1,1.8,0.8,0,2.5,101,76,116,89,134,124,98,134,102,134,
2025,Brianna Turner,Indiana Fever,IND,C-F,27,233,0.086,0.67,0.83,0.406,0.114,0.028,0.133,0.867,0.000,0.091,0.178,0.133,0.099,0.200,1.89,0.004,0.033,0.045,7.4,1721,0.3,0.1,0.2,0.06,0.02,0.04,100.3,102.9,0.415,27,0,8.6,1.1,0.5,1.2,0.406,0.5,1.1,0.419,0,0,0.000,0.1,0.3,0.500,0.7,1.2,1.9,0.6,0.3,0.1,0.3,0.9,122,133,123,117,111,96,102,77,86,77,
2025,Bridget Carleton,Minnesota Lynx,MIN,F,44,1227,0.111,0.95,1.07,0.526,0.124,0.635,0.063,0.274,0.663,0.038,0.113,0.076,0.102,0.110,2.7,0.014,0.009,0.030,10,12270,3.2,1.7,1.5,0.1,0.06,0.05,112.2,100.7,0.535,44,44,27.9,6.5,2.3,5.8,0.402,0.9,1.9,0.459,1.4,3.8,0.373,0.4,0.6,0.720,0.9,2.7,3.6,2,0.8,0.8,0.3,1.9,108,53,34,38,19,60,67,48,28,49,
2025,Brionna Jones,Atlanta Dream,ATL,F,44,1169,0.212,1.02,1.16,0.541,0.136,0.094,0.181,0.755,0.064,0.139,0.181,0.160,0.147,0.116,1.48,0.019,0.026,0.043,22.4,26216,6.3,4.2,2.1,0.22,0.14,0.07,119.1,95.9,0.580,44,44,26.6,12.8,5.1,9.7,0.527,4.8,8.7,0.559,0.3,1,0.261,2.3,3,0.773,3.1,4.2,7.3,2.2,1.5,1.1,0.8,2.5,8,12,7,11,6,4,6,8,5,8,
2025,Brittney Griner,Atlanta Dream,ATL,C,39,810,0.222,0.96,1.13,0.527,0.119,0.056,0.170,0.791,0.039,0.053,0.242,0.149,0.074,0.148,0.56,0.003,0.050,0.042,16.2,13154,2.4,1.1,1.4,0.12,0.05,0.07,102.1,96.6,0.565,39,25,20.8,9.8,4,7.7,0.518,3.9,7.2,0.535,0.1,0.5,0.263,1.7,2.2,0.765,0.9,4.3,5.2,0.8,1.5,0.1,1.2,1.9,45,46,42,63,23,43,73,14,77,14,
2025,Brittney Sykes,Seattle Storm,SEA,G,39,1193,0.246,0.84,0.99,0.415,0.215,0.184,0.311,0.520,0.169,0.020,0.106,0.062,0.221,0.150,1.58,0.018,0.011,0.037,13.5,16124,2.1,1,1.1,0.07,0.03,0.04,97.7,102.9,0.495,39,38,30.6,14.1,4.5,11.7,0.381,3.7,9.1,0.403,0.8,2.6,0.304,4.4,5.6,0.781,0.5,2.6,3.2,4,2.5,1.2,0.4,2.5,69,38,51,66,39,84,90,74,98,74,
2025,Caitlin Clark,Indiana Fever,IND,G,13,404,0.302,0.75,0.98,0.441,0.200,0.475,0.192,0.402,0.407,0.003,0.170,0.090,0.442,0.232,1.74,0.023,0.016,0.038,16.6,6710,0.8,0.2,0.6,0.08,0.02,0.06,94.3,98.6,0.490,13,13,31,16.5,5.5,15.1,0.367,3.3,7.1,0.467,2.2,8,0.279,3.2,3.8,0.820,0.1,4.9,5,8.8,5.1,1.6,0.5,2.7,42,102,100,109,73,79,104,30,116,31,
2025,Cameron Brink,Los Angeles Sparks,LAS,F,19,244,0.212,0.82,1.04,0.488,0.172,0.370,0.167,0.521,0.313,0.129,0.263,0.195,0.057,0.214,0.36,0.018,0.095,0.086,15.2,3705,0.4,0.1,0.3,0.07,0.01,0.06,94.1,98.9,0.520,19,0,12.9,5.1,1.8,4.3,0.427,1.3,2.5,0.521,0.5,1.8,0.294,0.8,1.1,0.762,1.4,2.9,4.3,0.5,1.3,0.5,1.4,2.5,56,119,117,121,99,89,115,36,118,35,
2025,Camryn Taylor,Minnesota Lynx,MIN,F,6,23,0.229,0.27,0.38,0.214,0.200,0.375,0.000,0.000,1.000,0.111,0.235,0.162,0.056,0.273,0.33,0.000,0.000,0.083,-9.4,-213,-0.1,-0.1,0,-0.24,-0.26,0.02,45.7,106.2,0.190,6,0,3.8,0.5,0.2,1.2,0.143,0,0.7,0.000,0.2,0.5,0.333,0,0.3,0.000,0.3,0.7,1,0.2,0.5,0,0,0.7,,,,,,,,,,,
2025,Carla Leite,Golden State Valkyries,GSV,G,37,637,0.234,0.83,1.01,0.417,0.230,0.282,0.310,0.545,0.146,0.017,0.074,0.045,0.225,0.176,1.32,0.019,0.005,0.040,11.6,7394,1.1,0.5,0.7,0.07,0.03,0.04,96.9,101.6,0.505,37,6,17.2,7.2,2.3,6,0.387,2,4,0.497,0.4,2,0.173,2.2,2.7,0.838,0.2,1.1,1.3,2,1.5,0.7,0.1,1.5,94,90,84,95,68,85,95,59,103,58,
2025,Cecilia Zandalasini,Golden State Valkyries,GSV,F,19,450,0.200,1.05,1.21,0.570,0.192,0.555,0.141,0.302,0.558,0.014,0.136,0.076,0.142,0.132,1.28,0.019,0.010,0.035,15.7,7037,1.4,0.9,0.5,0.13,0.08,0.05,110.5,101,0.605,19,10,23.7,10.5,3.5,7.9,0.447,1.6,3.1,0.508,1.9,4.8,0.407,1.5,1.7,0.875,0.3,2.7,2.9,1.7,1.3,0.9,0.2,1.7,52,94,76,70,83,39,35,53,34,52,
2025,Chelsea Gray,Las Vegas Aces,LVA,G,44,1368,0.183,0.89,1.15,0.519,0.170,0.398,0.187,0.430,0.383,0.021,0.127,0.074,0.282,0.225,1.91,0.020,0.018,0.029,15.3,20967,3.7,2.2,1.4,0.11,0.07,0.04,105.5,101.9,0.575,44,44,31.1,11.2,3.8,8.8,0.438,2.4,4.9,0.493,1.4,3.9,0.368,2.1,2.4,0.885,0.6,3.4,3.9,5.4,2.8,1.4,0.6,2,54,23,28,29,20,53,55,63,59,63,
2025,Cheyenne Parker-Tyus,Las Vegas Aces,LVA,F,2,14,0.414,1.33,1.45,0.688,0.333,0.182,0.313,0.500,0.188,0.000,0.167,0.091,0.000,0.083,0,0.000,0.000,0.067,37.6,524,0.1,0.1,0,0.26,0.27,-0.01,127.7,111.5,0.725,2,0,7,8,2.5,4,0.625,2,3,0.667,0.5,1,0.500,2.5,3,0.833,0,1,1,0,0.5,0,0,1,,,,,,,,,,,
2025,Chloe Bibby,Indiana Fever,IND,F,14,154,0.187,1.02,1.14,0.536,0.235,0.712,0.119,0.119,0.761,0.035,0.145,0.089,0.074,0.106,1,0.023,0.006,0.037,14.8,2279,0.5,0.3,0.2,0.13,0.08,0.05,109.7,99.2,0.570,14,0,11,4.8,1.5,3.9,0.382,0.3,0.9,0.308,1.2,3,0.405,0.6,0.6,0.889,0.4,1.4,1.8,0.5,0.5,0.6,0.1,0.9,,,,,,,,,,,
2025,Christyn Williams,Dallas Wings,DAL,G,4,45,0.196,0.85,0.89,0.406,0.200,0.211,0.235,0.588,0.176,0.050,0.063,0.055,0.111,0.050,3,0.000,0.000,0.041,9,400,0,0.1,0,0.01,0.05,-0.04,102.3,118.2,0.445,4,0,11.2,4.3,1.5,4,0.375,1.3,3,0.417,0.3,1,0.250,1,1.5,0.667,0.5,0.5,1,0.8,0.3,0,0,1,,,,,,,,,,,
2025,Courtney Vandersloot,Chicago Sky,CHI,G,7,191,0.186,0.84,1.04,0.477,0.104,0.324,0.149,0.649,0.203,0.012,0.123,0.066,0.322,0.193,2.18,0.025,0.010,0.029,15.4,2937,0.3,0.2,0.1,0.07,0.05,0.02,101.6,106.7,0.520,7,7,27.2,10.6,4.1,9.4,0.439,3.4,6.1,0.558,0.7,3.3,0.217,1.6,1.9,0.846,0.3,2.9,3.1,5.3,2.4,1.6,0.3,1.9,,,,,,,,,,,
2025,Courtney Williams,Minnesota Lynx,MIN,G,44,1260,0.254,0.85,0.99,0.477,0.051,0.247,0.075,0.634,0.290,0.022,0.178,0.102,0.359,0.143,2.68,0.020,0.010,0.031,18.1,22825,4.5,2.5,2.1,0.14,0.08,0.07,104.1,97.1,0.495,44,44,28.6,13.6,5.6,13.2,0.427,4.3,9.8,0.440,1.3,3.4,0.389,1,1.2,0.849,0.5,4.4,4.9,6.2,2.3,1.3,0.3,2,31,18,15,23,7,30,39,17,67,18,
2025,Crystal Bradford,Las Vegas Aces,LVA,F,4,24,0.132,0.57,0.67,0.333,0.000,0.333,0.000,1.000,0.000,0.083,0.167,0.119,0.077,0.143,1,0.037,0.000,0.056,6.8,165,0,0,0,0.01,-0.05,0.06,78.2,98.4,0.335,4,0,6,1,0.5,1.5,0.333,0.5,1,0.500,0,0.5,0.000,0,0,--,0.5,0.8,1.3,0.3,0.3,0.5,0,0.8,,,,,,,,,,,
2025,Damiris Dantas,Indiana Fever,IND,C-F,38,439,0.225,0.78,0.9,0.417,0.131,0.490,0.137,0.434,0.429,0.077,0.176,0.127,0.089,0.130,0.86,0.006,0.006,0.058,8.6,3777,0.4,0,0.4,0.03,0,0.03,92.1,103.6,0.450,38,0,11.5,4.6,1.7,4.8,0.348,1,2.3,0.442,0.7,2.5,0.263,0.6,0.7,0.857,0.7,1.7,2.4,0.7,0.8,0.2,0.1,1.5,113,118,122,126,98,118,126,87,126,87,
2025,Dana Evans,Las Vegas Aces,LVA,G,44,777,0.194,0.87,0.98,0.458,0.117,0.340,0.137,0.481,0.381,0.012,0.059,0.035,0.203,0.111,2.59,0.010,0.006,0.033,11,8551,1.1,0.9,0.3,0.06,0.04,0.01,101.2,107.2,0.490,44,1,17.7,6.6,2.4,6.2,0.391,1.6,3.9,0.405,0.8,2.3,0.366,0.9,1.2,0.755,0.2,0.9,1.1,2.2,0.8,0.4,0.1,1.3,99,80,83,76,106,94,80,110,83,110,
2025,Dearica Hamby,Los Angeles Sparks,LAS,F,44,1374,0.255,1.03,1.21,0.586,0.173,0.080,0.182,0.762,0.055,0.100,0.203,0.152,0.200,0.148,1.23,0.022,0.014,0.038,23.7,32604,5.5,4.7,0.9,0.16,0.14,0.03,113.7,105,0.605,44,44,31.2,18.4,7.4,12.9,0.572,7,11.6,0.604,0.3,1.2,0.278,3.4,5.4,0.627,2.6,5.4,7.9,3.3,2.7,1.6,0.5,2.7,4,2,11,7,52,21,10,96,23,96,
2025,DeWanna Bonner,Phoenix Mercury,PHX,F,33,778,0.187,1,1.1,0.486,0.222,0.405,0.231,0.400,0.369,0.042,0.157,0.100,0.080,0.086,1.36,0.016,0.011,0.025,15.2,11865,2.6,1.6,1,0.13,0.08,0.05,111.1,100.2,0.550,33,4,23.6,9.8,3.2,7.8,0.409,2,4.2,0.474,1.2,3.6,0.333,2.3,2.6,0.872,0.9,3.3,4.2,1.2,0.8,0.8,0.3,1.3,55,59,41,40,45,37,34,45,31,45,
2025,Diamond Miller,Dallas Wings,DAL,F,40,434,0.192,0.84,1.03,0.466,0.210,0.327,0.219,0.463,0.319,0.029,0.114,0.071,0.104,0.179,0.91,0.012,0.015,0.068,8.5,3694,0.5,0.1,0.4,0.04,0.01,0.03,94.4,103.5,0.515,40,1,10.9,4,1.4,3.4,0.403,0.9,2.1,0.446,0.4,1.3,0.333,0.9,1.2,0.761,0.3,1,1.3,0.8,0.9,0.3,0.2,1.6,115,120,115,116,97,112,116,86,115,86,
2025,DiJonai Carrington,Minnesota Lynx,MIN,G-F,31,680,0.238,0.81,0.96,0.428,0.156,0.229,0.218,0.554,0.228,0.080,0.135,0.107,0.115,0.158,0.81,0.022,0.018,0.051,12.9,8768,0.8,0.3,0.5,0.05,0.02,0.03,95.2,103.9,0.480,31,14,21.9,9.8,3.5,8.9,0.386,2.7,6.6,0.410,0.7,2.3,0.319,2.1,2.6,0.805,1.5,2.5,4,1.5,1.9,1.1,0.4,2.5,80,77,98,101,80,106,105,90,111,90,
2025,Dominique Malonga,Seattle Storm,SEA,C,42,600,0.253,0.97,1.13,0.559,0.086,0.063,0.090,0.873,0.037,0.106,0.293,0.197,0.108,0.144,0.75,0.013,0.041,0.065,20.1,12082,2,0.9,1.1,0.13,0.06,0.07,102,96.2,0.565,42,0,14.3,7.7,3.5,6.3,0.551,3.4,5.8,0.576,0.1,0.4,0.222,0.7,1.2,0.569,1.3,3.4,4.6,0.9,1.1,0.4,0.7,2.1,15,55,58,71,42,38,63,9,78,10,
2025,Elizabeth Kitley,Las Vegas Aces,LVA,C,12,98,0.141,0.48,0.63,0.304,0.043,0.042,0.067,0.933,0.000,0.048,0.155,0.102,0.017,0.226,0.14,0.018,0.051,0.083,1.2,115,-0.1,-0.3,0.1,-0.06,-0.12,0.05,58.1,99.1,0.315,12,1,8.2,1.3,0.6,1.9,0.304,0.6,1.8,0.318,0,0.1,0.000,0.1,0.2,0.500,0.3,1.1,1.4,0.1,0.6,0.3,0.5,1.5,,,,,,,,,,,
2025,Elizabeth Williams,Chicago Sky,CHI,C-F,43,906,0.206,0.87,1,0.480,0.102,0.000,0.137,0.863,0.000,0.103,0.184,0.144,0.165,0.133,1.39,0.016,0.040,0.031,17,15421,1.7,1.2,0.5,0.07,0.05,0.02,102.2,105.7,0.500,43,15,21.1,8.5,3.7,7.6,0.480,3.7,7.6,0.480,0,0,--,1.2,1.9,0.617,1.8,3.3,5.2,1.8,1.3,0.7,0.9,1.4,40,40,64,59,84,82,74,103,76,103,
2025,Emily Engstler,Washington Mystics,WAS,F,40,512,0.169,0.77,0.97,0.455,0.193,0.417,0.164,0.507,0.329,0.091,0.226,0.158,0.191,0.201,1.53,0.025,0.051,0.047,14.5,7442,1.1,0.2,0.9,0.09,0.02,0.07,96.3,96.5,0.485,40,0,12.8,3.7,1.3,3.4,0.396,0.9,1.8,0.521,0.4,1.6,0.254,0.6,0.9,0.667,0.9,2.3,3.3,1.5,1,0.7,0.7,1.3,60,88,85,106,51,71,103,13,106,13,
2025,Emma Cannon,Los Angeles Sparks,LAS,F,21,213,0.187,1.03,1.26,0.619,0.289,0.486,0.161,0.387,0.452,0.062,0.154,0.107,0.068,0.178,0.5,0.021,0.005,0.075,13.6,2893,0.4,0.4,0.1,0.08,0.07,0.01,107.5,107.4,0.630,21,0,10.1,4.4,1.5,3,0.508,0.9,1.3,0.667,0.7,1.7,0.389,0.7,1.1,0.652,0.5,1.3,1.8,0.4,0.8,0.5,0,1.7,,,,,,,,,,,
2025,Emma Meesseman,New York Liberty,NYL,F,17,440,0.229,1.08,1.3,0.616,0.104,0.120,0.140,0.675,0.184,0.065,0.166,0.119,0.242,0.171,1.5,0.022,0.027,0.027,23.6,10358,2,1.4,0.6,0.18,0.13,0.05,115.1,99.9,0.650,17,12,25.9,13.4,5.4,9.4,0.572,4.5,8.1,0.558,0.8,1.2,0.667,1.9,2.2,0.865,1.3,3.8,5.1,3.2,2.1,1.2,0.8,1.5,6,70,57,46,75,12,14,41,18,41,
2025,Erica Wheeler,Seattle Storm,SEA,G,44,1126,0.205,0.89,1.03,0.490,0.089,0.463,0.095,0.404,0.501,0.018,0.112,0.063,0.205,0.134,2.12,0.022,0.007,0.044,13.3,15031,2.3,1,1.3,0.08,0.04,0.05,99.2,100.9,0.515,44,24,25.6,10.3,3.8,9.5,0.400,2.1,4.9,0.426,1.7,4.6,0.373,1,1.1,0.860,0.4,2.3,2.7,3.3,1.5,1.3,0.2,2.5,73,42,44,65,29,74,84,51,94,51,
2025,Ezi Magbegor,Seattle Storm,SEA,C-F,44,1203,0.139,0.96,1.09,0.517,0.138,0.148,0.161,0.720,0.119,0.083,0.193,0.136,0.118,0.117,2.14,0.011,0.072,0.047,15.9,19090,4.2,2.3,1.9,0.14,0.08,0.06,112.9,97.5,0.545,44,44,27.3,8,3.2,6.5,0.493,2.9,5.4,0.534,0.3,1.1,0.292,1.3,1.9,0.687,1.9,4.3,6.2,2.1,1,0.7,2.2,2.9,49,30,25,28,10,34,42,23,26,23,
2025,Gabby Williams,Seattle Storm,SEA,F,44,1391,0.192,0.87,1.02,0.475,0.098,0.327,0.125,0.580,0.294,0.020,0.148,0.082,0.211,0.143,2.2,0.032,0.014,0.021,15.6,21728,3.5,1.3,2.2,0.1,0.04,0.06,99.6,97.3,0.510,44,44,31.6,11.6,4.5,10.7,0.422,3.4,6.9,0.485,1.1,3.7,0.305,1.5,1.7,0.853,0.5,3.8,4.3,4.2,1.9,2.3,0.5,1.5,53,21,29,54,3,62,85,20,91,19,
2025,Georgia Amoore,,,,0,0,--,--,--,--,--,--,--,--,--,--,--,--,--,--,--,--,--,--,--,--,--,0,--,--,--,--,--,--,--,0,0,--,--,--,--,--,--,--,--,--,--,--,--,--,--,--,--,--,--,--,--,--,--,,,,,,,,,,,
2025,Grace Berger,Dallas Wings,DAL,G,19,418,0.121,0.55,0.67,0.303,0.083,0.242,0.156,0.750,0.094,0.031,0.150,0.087,0.201,0.181,2.76,0.015,0.016,0.040,6,2527,-0.3,-0.3,0,-0.03,-0.03,0,82.1,110.3,0.335,19,13,22,3.4,1.4,4.7,0.292,1.3,3.5,0.364,0.1,1.2,0.087,0.5,0.8,0.667,0.6,2.7,3.3,3.1,1.1,0.7,0.4,1.9,128,127,135,135,128,135,133,128,135,128,
2025,Hailey Van Lith,Chicago Sky,CHI,G,29,361,0.197,0.64,0.82,0.362,0.161,0.250,0.225,0.627,0.147,0.013,0.090,0.050,0.226,0.225,1.25,0.015,0.011,0.028,5.8,2085,-0.5,-0.5,0,-0.06,-0.06,0,80.3,110.4,0.410,29,0,12.4,3.5,1.3,3.8,0.339,1.1,2.7,0.410,0.2,1.1,0.161,0.8,1.1,0.742,0.1,0.9,1.1,1.6,1.2,0.4,0.1,0.8,133,129,137,137,130,138,138,130,137,130,
2025,Haley Jones,Dallas Wings,DAL,G-F,28,594,0.182,0.82,1.01,0.484,0.086,0.193,0.108,0.716,0.176,0.034,0.159,0.094,0.172,0.192,1.33,0.016,0.035,0.048,11.4,6789,0.4,0,0.3,0.03,0,0.02,92.6,105.6,0.505,28,16,21.2,7.3,3,6.7,0.452,2.6,5.3,0.490,0.4,1.4,0.308,0.8,1.3,0.629,0.6,2.9,3.5,2.3,1.7,0.8,0.8,2.3,96,100,121,123,102,122,123,102,125,102,
2025,Haley Peters,Connecticut Sun,CON,"F, G",33,380,0.130,0.62,0.78,0.354,0.104,0.448,0.147,0.500,0.353,0.074,0.163,0.117,0.112,0.202,1.14,0.013,0.008,0.059,5,1894,-0.3,-0.3,0,-0.03,-0.03,0,82.4,109.3,0.390,33,2,11.5,2.1,0.8,2.5,0.305,0.5,1.3,0.395,0.2,1.2,0.205,0.3,0.4,0.769,0.8,1.5,2.2,0.8,0.7,0.3,0.1,1.5,135,132,134,134,122,134,134,122,134,122,
2025,Iliana Rupert,Golden State Valkyries,GSV,C,21,486,0.176,1.08,1.22,0.588,0.125,0.650,0.077,0.215,0.708,0.056,0.138,0.101,0.133,0.111,1.65,0.013,0.026,0.047,16.2,7892,1.8,1.2,0.6,0.15,0.1,0.05,116.6,100.6,0.610,21,11,23.2,9.3,3.2,7.3,0.438,1,2.3,0.429,2.2,5,0.442,0.7,0.8,0.938,1,2.9,3.9,1.6,1,0.6,0.6,2.3,46,86,63,56,74,28,26,47,15,47,
2025,Isabelle Harrison,New York Liberty,NYL,F,34,360,0.225,0.94,1.08,0.500,0.144,0.097,0.198,0.731,0.072,0.100,0.184,0.144,0.114,0.130,1.04,0.024,0.005,0.053,17.3,6240,1.2,0.7,0.5,0.13,0.08,0.06,105.9,98.5,0.540,34,1,10.6,4.9,1.9,3.9,0.485,1.8,3.5,0.513,0.1,0.4,0.267,1,1.3,0.767,0.9,1.8,2.6,0.7,0.7,0.6,0.1,1.3,36,107,80,83,79,36,40,29,56,29,
2025,Jackie Young,Las Vegas Aces,LVA,G,44,1336,0.238,1.03,1.19,0.546,0.156,0.368,0.175,0.495,0.330,0.045,0.126,0.086,0.308,0.139,2.31,0.019,0.012,0.035,22.1,29572,6.3,5,1.3,0.19,0.15,0.04,116.9,102.5,0.595,44,44,30.4,16.5,5.9,12.5,0.474,4.1,7.4,0.554,1.8,5.1,0.357,2.9,3.2,0.894,1.2,3.3,4.5,5.1,2.2,1.3,0.4,2.4,9,7,6,4,31,9,3,71,13,71,
2025,Jacy Sheldon,Washington Mystics,WAS,G,30,708,0.139,1.02,1.19,0.567,0.103,0.484,0.098,0.420,0.482,0.035,0.062,0.047,0.144,0.142,1.81,0.017,0.008,0.045,11.8,8376,1,1.1,-0.1,0.06,0.06,0,110.2,110.9,0.595,30,17,23.6,7.5,2.8,5.9,0.466,1.6,2.9,0.540,1.2,3,0.396,0.7,0.8,0.880,0.7,1.2,1.9,1.9,1,0.9,0.2,2.4,92,82,91,61,131,93,60,133,38,133,
2025,Jade Melbourne,Washington Mystics,WAS,G,43,1008,0.150,0.77,0.98,0.458,0.207,0.367,0.192,0.502,0.306,0.021,0.076,0.049,0.202,0.218,1.72,0.012,0.008,0.046,7.4,7493,0.6,0.1,0.5,0.02,0,0.02,92.8,106.1,0.490,43,12,23.4,5.9,2.1,5.2,0.400,1.5,3,0.492,0.6,2.2,0.274,1.1,1.7,0.671,0.4,1.5,1.9,2.9,1.7,0.6,0.2,2.3,121,87,110,119,82,123,122,104,123,104,
2025,Jaelyn Brown,Connecticut Sun,CON,G-F,10,131,0.151,0.86,0.97,0.486,0.050,0.474,0.027,0.324,0.649,0.034,0.078,0.053,0.014,0.116,0.2,0.017,0.014,0.056,6.5,849,-0.1,0,-0.1,-0.03,-0.01,-0.02,88.9,114.4,0.485,10,0,13.1,3.7,1.4,3.7,0.378,0.6,1.9,0.316,0.8,1.8,0.444,0.1,0.2,0.500,0.4,0.8,1.2,0.1,0.5,0.5,0.2,1.7,,,,,,,,,,,
2025,Janelle Salaün,Golden State Valkyries,GSV,F,36,973,0.210,0.92,1.05,0.493,0.124,0.442,0.123,0.413,0.464,0.039,0.179,0.111,0.088,0.120,0.81,0.011,0.003,0.034,12.2,11866,1.9,0.9,1,0.08,0.04,0.04,99.3,101.7,0.525,36,33,27,11.3,4.1,10.1,0.406,2.3,5.3,0.442,1.8,4.8,0.366,1.4,1.7,0.806,0.9,4.2,5.1,1.2,1.5,0.6,0.1,1.9,89,58,61,74,44,80,88,62,92,60,
2025,Jaylyn Sherrod,Minnesota Lynx,MIN,G,26,142,0.145,0.67,0.91,0.375,0.250,0.394,0.300,0.400,0.300,0.019,0.102,0.064,0.114,0.267,1,0.034,0.000,0.058,5.4,774,0.1,-0.1,0.2,0.01,-0.04,0.06,80.7,99.1,0.455,26,0,5.5,1.2,0.3,1.1,0.321,0.2,0.6,0.400,0.1,0.5,0.231,0.3,0.5,0.692,0.1,0.5,0.6,0.5,0.5,0.4,0,0.7,,,,,,,,,,,
2025,Jessica Shepard,Minnesota Lynx,MIN,F,40,835,0.168,1.03,1.26,0.638,0.183,0.004,0.175,0.825,0.000,0.134,0.280,0.208,0.198,0.186,1.79,0.010,0.004,0.024,20.9,17469,4.2,2.8,1.4,0.2,0.14,0.07,121.6,96.8,0.630,40,12,20.9,8,3.3,5.2,0.638,3.3,5.2,0.641,0,0,0.000,1.4,2.6,0.544,2.3,5,7.3,2.6,1.5,0.5,0.1,1.1,12,33,24,21,21,5,11,15,4,16,
2025,Jewell Loyd,Las Vegas Aces,LVA,G,44,1245,0.186,0.96,1.07,0.506,0.162,0.571,0.120,0.269,0.611,0.046,0.088,0.067,0.108,0.104,1.53,0.019,0.008,0.031,13.4,16739,2.9,2,1,0.09,0.06,0.03,106.5,104,0.535,44,25,28.3,11.2,3.8,9.7,0.389,1.5,3.8,0.400,2.3,6,0.382,1.3,1.6,0.831,1.1,2.1,3.2,1.8,1.2,1.2,0.3,1.9,71,36,36,34,48,68,58,91,53,91,
2025,JJ Quinerly,Dallas Wings,DAL,G,34,539,0.206,0.85,1.06,0.481,0.124,0.261,0.177,0.536,0.286,0.038,0.096,0.066,0.240,0.201,1.5,0.024,0.012,0.057,13.1,7072,0.7,0.5,0.2,0.05,0.04,0.01,98.9,107.5,0.530,34,13,15.9,6.5,2.4,5.5,0.426,1.7,3.9,0.440,0.6,1.6,0.389,1.1,1.3,0.867,0.5,1.3,1.9,2.3,1.5,0.9,0.2,2.1,77,93,107,94,115,108,87,113,95,113,
2025,Jonquel Jones,New York Liberty,NYL,C,31,830,0.229,1.02,1.22,0.577,0.188,0.359,0.165,0.459,0.376,0.068,0.268,0.176,0.182,0.157,1.31,0.008,0.036,0.042,20.4,16905,3.4,2.2,1.3,0.17,0.1,0.06,110.8,97.9,0.610,31,31,26.8,13.6,4.8,9.9,0.490,3.1,5.8,0.536,1.7,4,0.424,2.3,2.9,0.769,1.5,6.6,8.1,2.7,2.1,0.5,1.1,2.5,14,35,31,32,30,15,23,26,33,26,
2025,Jordin Canada,Atlanta Dream,ATL,G,28,783,0.218,0.83,0.99,0.441,0.187,0.272,0.232,0.529,0.239,0.013,0.123,0.070,0.327,0.164,2.56,0.028,0.010,0.027,16.5,12900,2.7,1.3,1.4,0.14,0.07,0.07,104,96.4,0.495,28,26,28,11.2,3.9,9.8,0.396,3,6.7,0.444,0.9,3.1,0.291,2.6,3.4,0.760,0.3,3,3.3,5.7,2.2,1.7,0.3,1.6,43,47,39,49,24,35,52,12,68,12,
2025,Joyner Holmes,,LVA,F,6,29,0.222,0.5,0.58,0.292,0.000,0.417,0.000,0.571,0.429,0.095,0.148,0.118,0.000,0.143,0,0.000,0.000,0.078,-3.7,-107,-0.1,-0.1,0,-0.15,-0.16,0.02,60,106.9,0.290,6,0,4.8,1.2,0.5,2,0.250,0.3,1.2,0.286,0.2,0.8,0.200,0,0,--,0.3,0.7,1,0,0.3,0,0,0.8,,,,,,,,,,,
2025,Julie Allemand,Los Angeles Sparks,LAS,G,34,963,0.101,0.83,1.09,0.528,0.134,0.601,0.082,0.459,0.459,0.016,0.137,0.078,0.246,0.240,3.21,0.020,0.001,0.025,11.4,10962,1.6,1.3,0.3,0.07,0.05,0.01,110.3,107.8,0.545,34,27,28.3,5.4,2.1,4.7,0.440,1.2,1.7,0.724,0.8,3,0.277,0.4,0.6,0.789,0.4,3.4,3.7,5,1.6,1.3,0,1.6,97,66,71,53,107,91,71,114,37,114,
2025,Julie Vanloo,Los Angeles Sparks,LAS,G,35,449,0.161,0.6,0.86,0.410,0.174,0.800,0.081,0.162,0.758,0.010,0.073,0.042,0.227,0.299,1.39,0.015,0.000,0.044,3.7,1646,-0.6,-0.6,0,-0.05,-0.05,0,79.2,109.7,0.430,35,2,12.8,2.8,0.9,3.2,0.297,0.2,0.5,0.421,0.7,2.6,0.272,0.2,0.3,0.800,0.1,0.8,0.9,1.9,1.4,0.4,0,1.3,138,134,138,138,123,137,137,124,138,124,
2025,Kahleah Copper,Phoenix Mercury,PHX,G-F,28,752,0.274,0.94,1.09,0.503,0.163,0.376,0.171,0.438,0.390,0.017,0.109,0.062,0.104,0.134,0.69,0.018,0.006,0.043,14.7,11094,1.5,0.8,0.8,0.08,0.04,0.04,98.4,101.8,0.545,28,28,26.9,15.6,5.5,12.9,0.424,3.4,7.5,0.457,2,5.4,0.377,2.7,3.1,0.852,0.4,2.5,2.9,1.5,2.2,1.1,0.2,2.6,59,64,72,80,59,75,83,61,96,62,
2025,Kaila Charles,Golden State Valkyries,GSV,G-F,35,616,0.182,0.9,1.06,0.487,0.165,0.341,0.179,0.484,0.336,0.089,0.191,0.141,0.104,0.153,0.92,0.021,0.012,0.052,14,8608,1.6,0.8,0.8,0.11,0.05,0.05,104.4,100,0.530,35,12,17.6,6.4,2.3,5.4,0.420,1.5,3.3,0.466,0.7,2.1,0.347,1.1,1.4,0.816,1.3,2.9,4.3,1,1.1,0.8,0.2,2,65,79,67,77,61,58,68,44,64,43,
2025,Kaitlyn Chen,Golden State Valkyries,GSV,G,24,247,0.128,0.69,0.92,0.430,0.054,0.288,0.104,0.583,0.313,0.023,0.075,0.049,0.168,0.257,1.33,0.009,0.000,0.030,4.8,1184,0,-0.2,0.2,0.01,-0.02,0.03,84.8,104,0.460,24,0,10.3,2,0.8,2.1,0.380,0.6,1.5,0.400,0.2,0.6,0.333,0.2,0.3,0.714,0.2,0.7,0.9,1,0.8,0.2,0,0.7,136,139,127,131,114,127,132,92,132,92,
2025,Kalani Brown,Phoenix Mercury,PHX,C,29,370,0.161,1.1,1.33,0.630,0.146,0.072,0.182,0.757,0.061,0.106,0.252,0.178,0.077,0.172,0.7,0.008,0.046,0.055,18.6,6903,1.6,1,0.6,0.17,0.11,0.06,119,97.5,0.665,29,1,12.8,5.1,2,3.3,0.615,1.9,3,0.636,0.1,0.3,0.375,0.9,1.2,0.771,1.2,2.8,4,0.6,0.8,0.2,0.6,1.6,27,99,70,69,72,14,20,22,7,24,
2025,Kamiah Smalls,,ATL,G,3,3,0.000,--,--,--,--,--,--,--,--,0.000,0.000,0.000,0.000,--,--,0.000,0.000,0.000,0,0,0,0,0,0.05,0,0.05,--,100.7,--,3,0,1.1,0,0,0,--,0,0,--,0,0,--,0,0,--,0,0,0,0,0,0,0,0,,,,,,,,,,,
2025,Kamilla Cardoso,Chicago Sky,CHI,C,40,1102,0.234,0.94,1.12,0.530,0.127,0.004,0.177,0.818,0.006,0.129,0.239,0.186,0.179,0.167,1.01,0.006,0.040,0.047,19.6,21647,2.8,2.4,0.4,0.1,0.09,0.01,107,107.2,0.560,40,39,27.6,13.6,5.6,10.6,0.528,5.6,10.5,0.529,0,0.1,0.500,2.4,3.3,0.722,3,5.6,8.5,2.5,2.4,0.4,1.2,2.8,18,22,38,26,93,64,33,111,48,111,
2025,Kariata Diaby,,CON,C,13,103,0.144,0.78,1.25,0.500,0.300,0.000,0.440,0.560,0.000,0.031,0.123,0.072,0.086,0.375,0.42,0.026,0.009,0.082,5.7,589,-0.1,-0.1,0,-0.03,-0.03,-0.01,84.4,111.4,0.625,13,0,8,1.9,0.5,1.1,0.500,0.5,1.1,0.500,0,0,--,0.8,1.1,0.786,0.2,0.8,1,0.4,0.9,0.5,0.1,1.5,,,,,,,,,,,
2025,Karlie Samuelson,Minnesota Lynx,MIN,G,16,228,0.116,0.91,1.13,0.476,0.385,0.723,0.245,0.075,0.679,0.017,0.085,0.053,0.104,0.190,1.55,0.012,0.004,0.051,6.7,1526,0.5,0.2,0.3,0.09,0.04,0.05,104.4,100,0.565,16,4,14.2,3.3,0.9,2.6,0.333,0.1,0.5,0.250,0.8,2.1,0.353,0.8,0.9,0.929,0.2,1.1,1.3,1.1,0.7,0.4,0.1,1.6,126,135,113,108,105,72,86,42,65,42,
2025,Kate Martin,Golden State Valkyries,GSV,G,42,687,0.211,0.82,0.92,0.430,0.172,0.650,0.123,0.222,0.655,0.035,0.152,0.095,0.107,0.107,1.18,0.011,0.006,0.032,9.5,6526,0.9,0.1,0.8,0.05,0,0.05,92.8,100.7,0.460,42,4,16.4,6.2,2,6.3,0.323,0.7,2,0.354,1.4,4.4,0.310,0.8,1,0.780,0.5,2.2,2.7,1,0.8,0.4,0.1,1.1,111,103,97,120,57,102,121,50,121,50,
2025,Kathryn Westbeld,Phoenix Mercury,PHX,F,43,792,0.143,0.87,0.96,0.456,0.152,0.570,0.113,0.317,0.570,0.043,0.115,0.079,0.077,0.094,1.63,0.020,0.029,0.037,10.5,8289,1.6,0.5,1,0.08,0.03,0.05,100,99.7,0.480,43,24,18.4,5.1,1.8,5,0.358,0.8,2,0.417,1,3,0.321,0.6,0.7,0.781,0.7,1.8,2.5,0.9,0.6,0.8,0.6,1.5,105,83,69,91,43,78,97,40,88,40,
2025,Katie Lou Samuelson,,,,0,0,--,--,--,--,--,--,--,--,--,--,--,--,--,--,--,--,--,--,--,--,--,0,--,--,--,--,--,--,--,0,0,--,--,--,--,--,--,--,--,--,--,--,--,--,--,--,--,--,--,--,--,--,--,,,,,,,,,,,
2025,Kayla McBride,Minnesota Lynx,MIN,G,39,1220,0.203,1.02,1.16,0.536,0.223,0.548,0.171,0.271,0.558,0.010,0.076,0.043,0.173,0.123,2.04,0.018,0.002,0.019,16.1,19646,4.5,3.1,1.4,0.15,0.1,0.05,113.3,101.2,0.580,39,39,31.3,14.2,4.6,11,0.416,1.9,4.3,0.449,2.6,6.7,0.395,2.4,2.7,0.905,0.3,2,2.3,3.5,1.7,1.3,0.1,1.4,47,29,18,18,22,29,24,54,25,54,
2025,Kayla Thornton,Golden State Valkyries,GSV,F,22,662,0.233,0.89,0.99,0.435,0.212,0.455,0.221,0.390,0.390,0.068,0.197,0.133,0.096,0.103,0.92,0.020,0.008,0.036,15.1,10006,1.9,0.8,1.1,0.11,0.05,0.07,100.5,97,0.495,22,22,30.1,14,4.5,12.5,0.362,2.7,6.1,0.448,1.8,6.5,0.282,3.1,3.7,0.829,1.8,5.2,7,1.5,1.6,1.3,0.2,2.4,57,71,60,79,40,50,76,18,85,17,
2025,Kelsey Mitchell,Indiana Fever,IND,G,44,1381,0.274,1.04,1.14,0.536,0.175,0.362,0.167,0.458,0.374,0.016,0.053,0.034,0.197,0.091,1.92,0.013,0.005,0.029,20,27655,5.6,4.8,0.8,0.16,0.14,0.02,114,105.4,0.570,44,44,31.4,20.2,7.2,15.7,0.456,4.6,9.3,0.499,2.5,6.4,0.394,3.4,4.3,0.784,0.4,1.3,1.8,3.4,1.8,0.9,0.2,2,16,9,9,5,56,19,8,98,20,99,
2025,Kelsey Plum,Los Angeles Sparks,LAS,G,43,1508,0.253,0.98,1.16,0.502,0.242,0.384,0.260,0.386,0.354,0.008,0.095,0.053,0.277,0.153,1.89,0.015,0.002,0.034,18.1,27311,4.5,4.6,-0.1,0.12,0.12,0,111.4,110.5,0.580,43,43,35.1,19.5,6.1,14.4,0.422,3.8,7.9,0.478,2.3,6.5,0.355,5.1,5.7,0.893,0.2,2.8,3.1,5.7,3,1.2,0.1,2.7,32,10,20,8,132,44,15,131,29,131,
2025,Kennedy Burke,New York Liberty,NYL,G-F,36,779,0.162,1.05,1.2,0.573,0.183,0.459,0.141,0.385,0.474,0.033,0.090,0.063,0.096,0.123,1.32,0.016,0.019,0.027,13.9,10868,2.1,1.4,0.7,0.11,0.07,0.04,110.4,103.1,0.600,36,9,21.6,8.1,2.8,6.1,0.468,1.6,3,0.523,1.3,3.1,0.414,1.1,1.5,0.759,0.6,1.8,2.4,1.3,0.9,0.8,0.4,1.3,66,67,54,47,67,56,48,81,35,81,
2025,Kia Nurse,Chicago Sky,CHI,G,44,962,0.173,0.84,0.98,0.459,0.216,0.567,0.155,0.266,0.579,0.022,0.102,0.062,0.096,0.146,1,0.007,0.002,0.034,7.3,7004,0,0.3,-0.3,0,0.01,-0.01,95.2,112.5,0.490,44,18,21.9,7.2,2.3,6.6,0.354,1,2.5,0.385,1.4,4.1,0.335,1.1,1.4,0.790,0.4,1.9,2.3,1.3,1.3,0.3,0,1.6,123,96,129,103,139,130,113,138,110,138,
2025,Kiah Stokes,Las Vegas Aces,LVA,C,40,514,0.062,0.62,0.8,0.382,0.125,0.418,0.114,0.682,0.205,0.065,0.265,0.163,0.050,0.225,1.06,0.015,0.023,0.041,7,3587,0.7,0,0.7,0.06,0,0.06,91.8,98.9,0.400,40,18,12.9,1.1,0.5,1.3,0.353,0.4,0.7,0.536,0.1,0.6,0.130,0.1,0.2,0.625,0.7,2.9,3.6,0.4,0.4,0.4,0.4,1.2,125,122,104,127,64,98,127,34,128,34,
2025,Kiana Williams,Phoenix Mercury,PHX,G,11,107,0.201,0.94,1.07,0.538,0.125,0.619,0.044,0.356,0.600,0.000,0.109,0.053,0.164,0.125,1.67,0.012,0.000,0.024,12.1,1293,0.1,0.1,0.1,0.05,0.03,0.02,98.6,105.7,0.535,11,0,9.7,4.1,1.5,3.6,0.425,0.7,1.3,0.571,0.8,2.4,0.346,0.2,0.4,0.500,0,1,1,0.9,0.5,0.3,0,0.5,,,,,,,,,,,
2025,Kierstan Bell,Las Vegas Aces,LVA,F,35,427,0.188,0.82,0.91,0.438,0.121,0.638,0.082,0.301,0.616,0.054,0.113,0.084,0.086,0.096,1.35,0.015,0.022,0.031,10.5,4487,0.5,0.1,0.4,0.05,0.01,0.03,94.9,103.3,0.455,35,16,12.2,4.2,1.5,4.4,0.340,0.6,1.5,0.431,0.9,2.9,0.294,0.3,0.4,0.800,0.6,1.2,1.8,0.7,0.5,0.4,0.3,0.9,103,115,112,113,94,110,112,83,112,83,
2025,Kiki Iriafen,Washington Mystics,WAS,F,44,1185,0.244,0.92,1.08,0.490,0.159,0.020,0.236,0.753,0.010,0.119,0.271,0.195,0.115,0.151,0.72,0.010,0.006,0.048,17.3,20530,3.3,2.1,1.2,0.11,0.07,0.04,103.8,101.9,0.540,44,44,26.9,13.3,5,10.3,0.488,5,10.1,0.495,0,0.3,0.182,3.1,4,0.784,2.6,6,8.5,1.6,2.2,0.6,0.2,2.9,37,25,33,33,35,52,47,64,69,66,
2025,Kitija Laksa,Phoenix Mercury,PHX,G,33,626,0.149,0.93,1.02,0.472,0.167,0.625,0.133,0.286,0.582,0.020,0.055,0.037,0.052,0.090,1.11,0.008,0.009,0.034,7.6,4744,0.8,0.4,0.4,0.05,0.03,0.02,99.3,105.6,0.510,33,5,19,5.9,2,5.5,0.367,0.8,1.8,0.467,1.2,3.6,0.317,0.8,1,0.813,0.3,0.9,1.2,0.6,0.6,0.4,0.2,1.5,120,113,101,98,95,109,99,101,93,101,
2025,Kyara Linskens,,GSV,C,4,27,0.115,0.57,0.8,0.400,0.000,0.200,0.000,1.000,0.000,0.043,0.227,0.140,0.067,0.286,0.5,0.016,0.120,0.115,4.8,128,0,0,0.1,0.02,-0.07,0.09,68.3,92.9,0.400,4,0,6.7,1,0.5,1.3,0.400,0.5,1,0.500,0,0.3,0.000,0,0,--,0.3,1.3,1.5,0.3,0.5,0.3,0.8,1.8,,,,,,,,,,,
2025,Kyra Lambert,,IND,G,1,0,--,--,--,--,--,--,--,--,--,--,--,--,--,--,--,--,--,--,0,0,0,0,0,-0.02,0,-0.02,--,113.5,--,1,0,0.1,0,0,0,--,0,0,--,0,0,--,0,0,--,0,0,0,0,0,0,0,0,,,,,,,,,,,
2025,Laeticia Amihere,Golden State Valkyries,GSV,F,29,384,0.208,0.89,1.09,0.469,0.238,0.147,0.314,0.628,0.058,0.110,0.264,0.190,0.132,0.183,0.84,0.020,0.035,0.043,18.3,7020,1.5,0.7,0.9,0.16,0.07,0.09,105.1,92.4,0.545,29,0,13.3,5.4,1.8,3.9,0.456,1.7,3.2,0.527,0.1,0.7,0.143,1.7,2.2,0.778,1.2,3.1,4.3,0.9,1.1,0.6,0.4,1.2,29,95,74,84,54,22,50,2,62,2,
2025,Leila Lacan,Connecticut Sun,CON,G,25,665,0.192,0.91,1.09,0.511,0.112,0.283,0.139,0.687,0.174,0.031,0.077,0.054,0.243,0.165,1.96,0.038,0.006,0.057,15.8,10504,1.6,1,0.6,0.1,0.06,0.03,105.2,103.3,0.545,25,15,26.6,10.4,4.2,8.7,0.477,3.6,6,0.589,0.6,2.7,0.224,1.4,1.7,0.857,0.7,1.7,2.4,3.7,1.9,2.2,0.2,3.3,50,69,68,64,77,65,61,85,61,85,
2025,Leonie Fiebich,New York Liberty,NYL,F,37,1041,0.130,1.09,1.28,0.604,0.223,0.480,0.168,0.355,0.477,0.028,0.114,0.073,0.097,0.153,1.42,0.014,0.012,0.038,12.2,12656,3.1,1.9,1.2,0.12,0.07,0.05,115.1,101.2,0.640,37,37,28.1,8.7,2.9,6,0.489,1.5,2.7,0.564,1.4,3.2,0.425,1.5,1.7,0.871,0.6,2.9,3.5,1.7,1.2,0.9,0.4,2.4,90,49,35,36,37,46,44,52,19,53,
2025,Lexi Held,Phoenix Mercury,PHX,G,32,471,0.191,0.84,0.98,0.463,0.120,0.523,0.106,0.400,0.494,0.027,0.058,0.042,0.126,0.139,1.25,0.022,0.010,0.036,10,4685,0.6,0.1,0.5,0.05,0.01,0.04,93.8,102.1,0.490,32,0,14.7,5.3,1.9,5.1,0.378,1.1,2.3,0.466,0.9,2.8,0.308,0.6,0.7,0.818,0.3,0.7,1.1,1.1,0.9,0.7,0.2,1.2,109,114,111,118,89,107,119,68,119,68,
2025,Lexie Brown,Seattle Storm,SEA,G,24,227,0.117,0.88,0.98,0.458,0.267,0.712,0.137,0.275,0.588,0.010,0.079,0.045,0.143,0.103,3.83,0.018,0.004,0.039,8.5,1929,0.4,0.2,0.2,0.07,0.03,0.04,103.1,103,0.490,24,0,9.4,2.1,0.7,2,0.354,0.3,0.5,0.636,0.4,1.5,0.270,0.3,0.4,0.700,0.1,0.6,0.7,1,0.3,0.4,0,0.8,114,131,119,110,112,88,91,80,71,80,
2025,Lexie Hull,Indiana Fever,IND,G,44,1189,0.133,0.89,1.01,0.487,0.091,0.478,0.082,0.397,0.521,0.062,0.134,0.098,0.098,0.115,1.93,0.019,0.005,0.046,10.4,12374,2.7,1.4,1.2,0.09,0.05,0.04,106.4,101.7,0.505,44,30,27,7.2,2.7,6.8,0.395,1.4,3.4,0.423,1.3,3.4,0.367,0.6,0.8,0.722,1.4,2.9,4.3,1.8,0.9,1.2,0.2,2.8,106,52,40,45,33,70,77,60,54,61,
2025,Li Yueru,Dallas Wings,DAL,C,31,520,0.172,0.91,1.06,0.471,0.190,0.313,0.230,0.449,0.321,0.112,0.199,0.154,0.091,0.146,0.97,0.008,0.016,0.049,13.4,6947,1.1,0.9,0.2,0.08,0.07,0.02,107.3,106.5,0.530,31,12,16.8,6,2,4.9,0.405,1.4,3.2,0.429,0.6,1.8,0.364,1.4,1.6,0.860,1.7,2.9,4.5,0.9,1,0.3,0.3,1.8,72,98,87,75,109,73,53,108,46,108,
2025,Liatu King,Dallas Wings,DAL,F,14,136,0.145,0.84,1.12,0.500,0.250,0.176,0.289,0.632,0.079,0.106,0.150,0.126,0.049,0.244,0.36,0.006,0.000,0.045,8.4,1137,0.1,0.1,0,0.02,0.02,-0.01,98.5,111.5,0.560,14,0,9.7,2.7,0.9,1.9,0.481,0.9,1.5,0.571,0.1,0.4,0.167,0.8,1.1,0.733,0.9,1.2,2.1,0.3,0.8,0.1,0,1,,,,,,,,,,,
2025,Lindsay Allen,Connecticut Sun,CON,G,31,450,0.107,0.69,0.97,0.423,0.190,0.237,0.257,0.622,0.122,0.022,0.063,0.042,0.221,0.290,1.97,0.010,0.013,0.037,6.6,2960,-0.1,0,-0.1,-0.01,0,-0.01,92.7,112.6,0.485,31,9,14.5,2.4,0.8,2.1,0.400,0.7,1.5,0.489,0.1,0.6,0.167,0.6,0.7,0.826,0.3,0.7,1,2,1,0.3,0.2,1.2,127,125,133,125,135,133,125,139,124,139,
2025,Lucy Olsen,Washington Mystics,WAS,G,41,508,0.168,0.88,0.99,0.475,0.073,0.422,0.085,0.570,0.345,0.026,0.093,0.059,0.174,0.112,2.33,0.014,0.009,0.041,10.5,5337,0.7,0.4,0.3,0.06,0.03,0.02,99.9,105.3,0.495,41,0,12.4,4,1.6,3.9,0.415,1.1,2.2,0.528,0.5,1.7,0.271,0.3,0.4,0.824,0.3,0.9,1.2,1.2,0.5,0.4,0.1,1.1,104,111,106,96,104,97,93,97,89,97,
2025,Luisa Geiselsoder,Dallas Wings,DAL,C,28,628,0.146,0.91,1.04,0.511,0.056,0.511,0.047,0.469,0.484,0.042,0.203,0.120,0.112,0.132,1.57,0.016,0.029,0.048,11.8,7401,0.7,0.5,0.2,0.05,0.03,0.01,101.9,107.5,0.520,28,24,22.4,6.9,2.7,6.4,0.425,1.6,3,0.529,1.1,3.4,0.330,0.3,0.4,0.818,0.9,3.9,4.8,1.6,1,0.8,0.7,2.4,93,89,102,90,113,111,89,112,79,112,
2025,MacKenzie Holmes,Seattle Storm,SEA,F,10,58,0.054,1.43,1.43,0.714,0.000,0.000,0.000,1.000,0.000,0.067,0.115,0.092,0.050,0.000,--,0.037,0.014,0.052,13.6,793,0.2,0.1,0.1,0.16,0.09,0.07,156.5,96.4,0.715,10,0,5.8,1,0.5,0.7,0.714,0.5,0.7,0.714,0,0,--,0,0,--,0.3,0.6,0.9,0.2,0,0.5,0.1,0.7,,,,,,,,,,,
2025,Maddy Siegrist,Dallas Wings,DAL,F,26,702,0.190,1.06,1.11,0.539,0.126,0.274,0.121,0.642,0.236,0.080,0.104,0.091,0.053,0.045,1.5,0.012,0.020,0.032,17.2,12107,1.9,1.9,0,0.11,0.11,0,116.9,110.1,0.555,26,15,27,12.7,5.1,10.3,0.491,4.1,7.2,0.564,1,3.1,0.321,1.5,2.2,0.690,2,2.3,4.3,0.8,0.5,0.7,0.6,1.9,38,54,62,37,126,54,22,126,14,126,
2025,Maddy Westbeld,Chicago Sky,CHI,F,26,354,0.167,0.83,0.95,0.443,0.114,0.381,0.131,0.393,0.477,0.069,0.140,0.104,0.120,0.124,1.44,0.017,0.019,0.055,10.3,3651,0.4,0.3,0.1,0.04,0.03,0.01,100.3,108,0.475,26,1,13.6,4.1,1.5,4,0.362,0.8,2.4,0.339,0.7,1.7,0.395,0.5,0.6,0.875,0.8,1.6,2.4,0.9,0.6,0.5,0.3,1.6,107,121,120,105,120,114,94,117,87,117,
2025,Madison Scott,Washington Mystics,WAS,G-F,9,47,0.143,1,1.08,0.455,0.167,0.077,0.286,0.714,0.000,0.029,0.000,0.015,0.074,0.071,2,0.020,0.000,0.081,8.5,397,0.1,0.1,0,0.06,0.06,0,110.2,110.7,0.540,9,0,5.2,1.6,0.6,1.2,0.455,0.6,1.1,0.500,0,0.1,0.000,0.4,0.4,1.000,0.1,0,0.1,0.2,0.1,0.2,0,0.9,,,,,,,,,,,
2025,Makayla Timpson,Indiana Fever,IND,C-F,31,219,0.160,1.05,1.17,0.561,0.186,0.000,0.220,0.780,0.000,0.097,0.219,0.158,0.007,0.103,0.13,0.027,0.033,0.049,17.5,3831,0.9,0.5,0.4,0.16,0.09,0.07,116.2,96,0.585,31,0,7.1,2.6,1,1.8,0.561,1,1.8,0.561,0,0,--,0.6,0.9,0.667,0.6,1.3,1.8,0,0.3,0.4,0.3,0.8,,,,,,,,,,,
2025,Mamignan Touré,Connecticut Sun,CON,G,18,147,0.142,0.77,0.92,0.462,0.000,0.564,0.000,0.333,0.667,0.030,0.026,0.028,0.105,0.170,1.13,0.022,0.000,0.058,5.2,769,0,-0.1,0,0,-0.01,0.01,87.7,108.2,0.460,18,0,8.2,2,0.8,2.2,0.359,0.3,0.9,0.353,0.4,1.2,0.364,0,0,--,0.2,0.2,0.4,0.5,0.4,0.4,0,1.1,,,,,,,,,,,
2025,Maria Kliundikova,Minnesota Lynx,MIN,F,34,373,0.195,0.93,1.08,0.531,0.080,0.182,0.081,0.757,0.162,0.145,0.184,0.163,0.079,0.144,0.83,0.030,0.064,0.058,19.6,7298,1.5,0.7,0.9,0.16,0.07,0.09,106.5,91.6,0.540,34,1,11,4.4,1.9,3.8,0.500,1.6,3,0.544,0.2,0.7,0.320,0.4,0.6,0.571,1.3,1.7,3,0.6,0.7,0.7,0.8,1.4,21,92,73,85,50,16,46,1,52,1,
2025,Marième Badiane,Minnesota Lynx,MIN,C,3,11,0.217,0,0,0.000,0.000,0.333,--,--,--,0.125,0.000,0.056,0.000,0.400,0,0.087,0.000,0.261,-18,-192,-0.1,-0.1,0,-0.27,-0.4,0.14,14.9,83.2,0.000,3,0,3.6,0,0,1,0.000,0,0.7,0.000,0,0.3,0.000,0,0,--,0.3,0,0.3,0,0.7,0.7,0,2,,,,,,,,,,,
2025,Marina Mabrey,Connecticut Sun,CON,G,35,1103,0.256,0.81,0.96,0.434,0.138,0.463,0.159,0.448,0.393,0.018,0.149,0.080,0.237,0.157,1.44,0.010,0.009,0.041,11.3,12490,-0.1,0,-0.1,0,0,0,91.9,110.6,0.480,35,34,31.5,14.4,5.1,13.9,0.367,3.2,7,0.463,1.9,7,0.270,2.3,2.6,0.870,0.5,3.7,4.2,4,2.8,0.7,0.3,2.9,98,51,132,128,133,131,128,132,127,132,
2025,Marine Johannes,New York Liberty,NYL,G,44,803,0.178,0.9,1.08,0.526,0.113,0.727,0.057,0.249,0.694,0.020,0.096,0.061,0.141,0.167,1.35,0.014,0.014,0.025,10.8,8702,1,0.4,0.7,0.05,0.02,0.03,96.3,103.7,0.540,44,5,18.3,6.4,2.3,5.7,0.397,0.8,1.4,0.556,1.5,4.3,0.344,0.4,0.4,0.842,0.3,1.6,1.9,1.6,1.2,0.6,0.3,1,100,78,92,99,70,103,106,88,107,88,
2025,Marquesha Davis,,CHI,G,11,52,0.167,0.53,0.77,0.200,0.333,0.308,0.600,0.400,0.000,0.081,0.083,0.083,0.029,0.316,0.17,0.000,0.036,0.025,0.5,26,-0.1,-0.1,0,-0.09,-0.11,0.02,66.7,106.5,0.385,11,0,4.7,0.9,0.2,0.9,0.200,0.2,0.5,0.333,0,0.4,0.000,0.5,0.6,0.857,0.3,0.4,0.6,0.1,0.5,0,0.2,0.3,,,,,,,,,,,
2025,Maya Caldwell,Atlanta Dream,ATL,G,41,760,0.147,0.9,1.08,0.526,0.105,0.537,0.072,0.398,0.529,0.053,0.137,0.097,0.151,0.163,1.85,0.023,0.008,0.040,12.6,9597,2.2,1,1.2,0.12,0.05,0.06,106.9,97.4,0.540,41,16,18.5,5.4,2,4.8,0.426,1.1,2.1,0.518,1,2.7,0.355,0.4,0.5,0.800,0.8,2.3,3.1,1.8,1,0.9,0.2,1.6,83,73,48,67,36,45,69,21,50,21,
2025,Megan Gustafson,Las Vegas Aces,LVA,C,20,226,0.138,0.86,0.94,0.465,0.280,0.609,0.117,0.233,0.650,0.040,0.147,0.091,0.032,0.086,0.83,0.006,0.023,0.082,5.7,1285,0.2,0.1,0.2,0.04,0.01,0.03,95.5,104.3,0.470,20,1,11.3,3,1,2.9,0.351,0.4,0.9,0.389,0.7,2,0.333,0.4,0.8,0.467,0.4,1.4,1.8,0.3,0.3,0.2,0.3,2.1,134,137,125,122,116,115,114,94,109,94,
2025,Megan McConnell,Phoenix Mercury,PHX,G,1,13,0.143,0.75,0.75,0.375,0.000,0.500,0.000,0.000,1.000,0.077,0.000,0.050,0.375,0.000,--,0.037,0.000,0.037,15.8,199,0.1,0,0,0.17,0.12,0.04,124.2,101.8,0.375,1,0,12.6,3,1,4,0.250,0,2,0.000,1,2,0.500,0,0,--,1,0,1,3,0,1,0,1,,,,,,,,,,,
2025,Mercedes Russell,Los Angeles Sparks,LAS,C,20,163,0.114,0.83,1,0.444,0.206,0.000,0.294,0.706,0.000,0.077,0.099,0.090,0.114,0.171,1.71,0.014,0.024,0.046,9.5,1551,0.2,0.2,0,0.05,0.04,0,107.2,109.6,0.500,20,0,8.2,1.7,0.6,1.4,0.444,0.6,1.4,0.444,0,0,--,0.5,0.7,0.714,0.5,0.7,1.2,0.6,0.4,0.3,0.2,0.9,,,,,,,,,,,
2025,Michaela Onyenwere,Chicago Sky,CHI,F,42,711,0.182,0.84,1.05,0.479,0.139,0.291,0.176,0.531,0.294,0.029,0.086,0.057,0.117,0.193,0.86,0.010,0.005,0.048,8,5654,0,0.2,-0.2,0,0.01,-0.01,94.3,111.8,0.525,42,22,16.9,5.8,2.1,5,0.422,1.5,3.4,0.455,0.6,1.6,0.353,1,1.2,0.843,0.4,1.2,1.6,1.1,1.3,0.4,0.1,1.8,117,109,130,111,136,129,117,136,117,136,
2025,Monique Akoa Makani,Phoenix Mercury,PHX,G,41,881,0.171,0.93,1.11,0.523,0.113,0.435,0.121,0.413,0.467,0.032,0.086,0.059,0.204,0.163,2.02,0.016,0.003,0.051,12.3,10811,2.2,1.4,0.8,0.1,0.06,0.04,107.1,103,0.555,41,40,21.5,7.7,2.8,6.5,0.430,1.6,3.5,0.458,1.2,3,0.398,0.9,1,0.927,0.6,1.6,2.2,2.7,1.3,0.8,0.1,2.5,87,68,49,44,58,63,56,78,47,79,
2025,Monique Billings,Golden State Valkyries,GSV,F,26,474,0.184,0.97,1.09,0.510,0.173,0.206,0.189,0.653,0.158,0.088,0.188,0.138,0.057,0.107,0.67,0.015,0.045,0.043,16.7,7916,1.7,0.8,0.8,0.14,0.07,0.07,107.7,96.2,0.545,26,8,18.2,7.3,2.8,5.8,0.477,2.4,4.4,0.539,0.4,1.4,0.278,1.4,2,0.679,1.4,3,4.5,0.5,0.8,0.6,0.8,1.7,41,85,65,78,55,33,49,10,44,9,
2025,Moriah Jefferson,Chicago Sky,CHI,G,5,35,0.125,0.7,0.88,0.438,0.000,0.375,0.000,0.571,0.429,0.000,0.172,0.076,0.529,0.200,4.5,0.000,0.000,0.038,9.3,327,0,0,0,0.03,0.04,-0.01,104.7,112,0.440,5,1,7.1,1.4,0.6,1.6,0.375,0.4,1,0.400,0.2,0.6,0.333,0,0,--,0,1,1,1.8,0.4,0,0,0.6,,,,,,,,,,,
2025,Murjanatu Musa,Phoenix Mercury,PHX,F,12,122,0.168,0.85,1,0.471,0.132,0.050,0.175,0.750,0.075,0.175,0.137,0.155,0.090,0.149,1,0.015,0.017,0.062,13.4,1628,0.3,0.2,0.1,0.11,0.07,0.04,107.3,101.8,0.500,12,0,10.1,3.3,1.3,2.9,0.457,1.3,2.8,0.455,0.1,0.2,0.500,0.6,0.9,0.636,1.5,1.1,2.6,0.6,0.6,0.3,0.2,1.4,,,,,,,,,,,
2025,Myisha Hines-Allen,Dallas Wings,DAL,F,40,882,0.183,0.81,1.05,0.480,0.167,0.208,0.205,0.636,0.159,0.073,0.251,0.158,0.209,0.232,1.33,0.016,0.020,0.051,13.5,11924,1.1,0.6,0.5,0.05,0.03,0.02,97.7,105.4,0.525,40,20,22.1,7.6,2.8,6.3,0.448,2.4,4.8,0.505,0.4,1.5,0.267,1.6,2.1,0.747,1.5,4.6,6,2.9,2.2,0.8,0.5,2.5,68,56,86,86,81,104,96,99,97,98,
2025,NaLyssa Smith,Las Vegas Aces,LVA,F,45,956,0.170,0.93,1.08,0.519,0.173,0.085,0.193,0.737,0.070,0.088,0.196,0.141,0.057,0.139,0.65,0.012,0.028,0.061,13.2,12601,2.3,1.3,0.9,0.09,0.06,0.04,105.6,102.4,0.540,45,41,21.2,7.6,3,5.9,0.504,2.8,5.3,0.527,0.2,0.6,0.296,1.5,2.4,0.611,1.6,3.5,5.1,0.7,1.1,0.6,0.6,2.9,75,50,47,48,49,67,65,70,58,70,
2025,Napheesa Collier,Minnesota Lynx,MIN,F,33,1065,0.285,1.14,1.27,0.579,0.160,0.209,0.205,0.596,0.199,0.071,0.194,0.134,0.178,0.106,1.5,0.023,0.043,0.033,30.2,32106,7.6,5.4,2.2,0.29,0.2,0.08,122.9,93.8,0.635,33,33,32.3,22.9,8.3,15.7,0.531,6.8,11.9,0.571,1.5,3.8,0.403,4.7,5.2,0.906,1.9,5.4,7.3,3.2,2.1,1.6,1.5,2.4,2,3,2,2,5,1,1,6,2,6,
2025,Natasha Cloud,New York Liberty,NYL,G,41,1191,0.176,0.9,1.08,0.507,0.145,0.403,0.145,0.478,0.377,0.014,0.126,0.073,0.291,0.168,2.74,0.018,0.011,0.044,14.3,16970,3.5,2.2,1.3,0.12,0.07,0.04,108.1,101.7,0.540,41,41,29,10.1,3.7,8.5,0.433,2.4,4.8,0.508,1.3,3.8,0.338,1.5,1.7,0.870,0.3,3.3,3.7,5.1,1.9,1.2,0.3,2.9,61,34,30,31,32,47,43,58,43,59,
2025,Natasha Howard,Indiana Fever,IND,F,44,1060,0.213,0.98,1.18,0.561,0.159,0.078,0.188,0.776,0.036,0.097,0.237,0.166,0.105,0.167,0.78,0.022,0.021,0.050,19.1,20269,4.1,2.4,1.7,0.15,0.09,0.06,109.3,97.4,0.590,44,44,24.1,11.4,4.5,8.2,0.552,4.4,7.5,0.590,0.1,0.8,0.182,2.1,3,0.712,2,4.6,6.6,1.5,1.9,1.2,0.6,2.7,24,27,26,27,14,25,31,24,41,22,
2025,Natasha Mack,Phoenix Mercury,PHX,C-F,34,623,0.111,1.03,1.14,0.573,0.118,0.029,0.107,0.893,0.000,0.140,0.216,0.177,0.076,0.097,2,0.021,0.077,0.039,19.1,11920,2.8,1.5,1.3,0.18,0.1,0.09,124.8,93.3,0.570,34,23,18.3,4.7,2.1,3.6,0.573,2.1,3.5,0.592,0,0.1,0.000,0.5,1.1,0.472,2.3,3.5,5.8,0.9,0.4,0.9,1.5,1.6,23,57,37,43,28,11,28,3,1,3,
2025,Natisha Hiedeman,Minnesota Lynx,MIN,G,44,833,0.213,1.02,1.19,0.569,0.142,0.369,0.128,0.526,0.346,0.016,0.099,0.059,0.237,0.138,2.28,0.017,0.010,0.038,18.1,15031,3.4,2.4,1.1,0.16,0.11,0.05,114,100.1,0.595,44,0,18.9,9.1,3.4,7,0.493,2.4,4.1,0.577,1,2.8,0.371,1.2,1.5,0.761,0.3,1.6,1.9,2.8,1.2,0.7,0.2,1.6,33,41,32,25,41,17,16,43,21,44,
2025,Naz Hillmon,Atlanta Dream,ATL,F,44,1122,0.153,1.01,1.16,0.552,0.167,0.505,0.129,0.453,0.418,0.075,0.209,0.143,0.148,0.133,2.1,0.009,0.015,0.031,15.7,17612,4.4,2.8,1.6,0.16,0.1,0.06,117.8,98.7,0.580,44,17,25.5,8.6,3.2,6.8,0.463,2,3.1,0.637,1.2,3.8,0.321,1.1,1.3,0.831,1.6,4.6,6.2,2.4,1.1,0.5,0.4,1.7,51,32,22,22,15,23,27,33,10,32,
2025,Nia Coffey,Atlanta Dream,ATL,F,44,455,0.201,0.85,0.99,0.456,0.270,0.480,0.212,0.365,0.424,0.069,0.218,0.146,0.161,0.149,1.53,0.010,0.033,0.048,14.1,6402,1.4,0.6,0.8,0.12,0.05,0.07,102.7,96.4,0.495,44,2,10.3,3.9,1.3,3.3,0.374,0.7,1.5,0.477,0.5,1.9,0.293,0.8,1.1,0.720,0.6,2,2.6,1,0.7,0.2,0.4,1.1,63,105,77,88,60,40,72,11,74,11,
2025,Nneka Ogwumike,Seattle Storm,SEA,F,44,1359,0.253,1.06,1.2,0.572,0.108,0.269,0.121,0.633,0.247,0.050,0.230,0.137,0.135,0.113,1.16,0.016,0.012,0.027,22,29825,5.6,3.7,1.9,0.16,0.11,0.06,110.3,99,0.600,44,44,30.9,18.3,7.3,14,0.519,5.8,9.9,0.581,1.5,4.1,0.367,2.2,2.7,0.822,1.3,5.7,7,2.3,1.9,1.1,0.4,1.9,10,6,10,13,11,18,18,35,36,36,
2025,Nyara Sabally,New York Liberty,NYL,C,17,305,0.151,0.89,1.06,0.493,0.138,0.080,0.185,0.783,0.033,0.105,0.183,0.144,0.067,0.155,0.81,0.013,0.051,0.052,13.4,4098,0.8,0.4,0.4,0.11,0.05,0.06,104.3,98.8,0.530,17,10,17.9,5.4,2.2,4.5,0.487,2.1,4.1,0.522,0.1,0.4,0.143,1,1.5,0.680,1.6,2.9,4.5,0.8,0.9,0.5,1,2.2,70,116,99,100,91,55,75,32,66,33,
2025,Odyssey Sims,Indiana Fever,IND,G,24,671,0.181,0.89,1.01,0.463,0.137,0.268,0.178,0.562,0.260,0.018,0.090,0.052,0.215,0.121,2.73,0.012,0.001,0.033,12,8071,1.2,1.1,0.1,0.07,0.06,0.01,106.4,109,0.505,24,21,28,10.1,3.7,9,0.414,2.8,6.3,0.450,0.9,2.7,0.328,1.8,2.3,0.782,0.4,2,2.4,3.8,1.4,0.7,0,2,91,84,81,62,121,87,57,121,55,121,
2025,Olivia Nelson-Ododa,Connecticut Sun,CON,C,37,800,0.174,0.99,1.14,0.528,0.199,0.007,0.256,0.734,0.010,0.085,0.193,0.136,0.079,0.130,0.85,0.015,0.052,0.050,17,13628,2.1,1.6,0.5,0.1,0.08,0.02,111.4,105.5,0.570,37,21,21.6,8.2,3.1,5.8,0.526,3,5.8,0.526,0,0.1,0.500,2.1,3,0.703,1.6,3.4,5,0.9,1.1,0.7,1.2,2.4,39,45,52,39,90,59,36,100,30,100,
2025,Paige Bueckers,Dallas Wings,DAL,G,36,1199,0.247,1.01,1.13,0.513,0.138,0.193,0.195,0.636,0.169,0.023,0.117,0.069,0.299,0.105,2.69,0.021,0.014,0.031,21.9,26269,4.5,4.1,0.3,0.15,0.14,0.01,115.5,107.8,0.565,36,36,33.3,19.2,7.2,15.1,0.477,6.1,11.8,0.518,1.1,3.3,0.331,3.8,4.2,0.888,0.7,3.3,3.9,5.4,2,1.6,0.5,2.3,11,11,21,12,100,27,9,116,17,115,
2025,Rachel Banham,Chicago Sky,CHI,G,44,1081,0.180,0.91,1.08,0.509,0.218,0.660,0.131,0.217,0.652,0.007,0.073,0.040,0.192,0.163,1.68,0.011,0.010,0.035,10.6,11458,1,1.3,-0.2,0.04,0.05,-0.01,103.1,111.8,0.540,44,33,24.6,9,2.9,7.7,0.382,1,2.2,0.443,2,5.5,0.357,1.2,1.3,0.881,0.1,1.5,1.7,2.7,1.6,0.6,0.3,1.9,102,63,90,55,137,116,78,135,72,135,
2025,Rae Burrell,Los Angeles Sparks,LAS,G-F,28,515,0.191,0.95,1.07,0.494,0.153,0.338,0.166,0.521,0.313,0.043,0.104,0.074,0.101,0.112,1.36,0.014,0.010,0.030,13,6719,0.7,0.7,0,0.06,0.06,0,104.5,110.1,0.535,28,1,18.4,7.5,2.8,6.4,0.433,2,4,0.495,0.8,2.4,0.328,1.3,1.7,0.745,0.6,1.7,2.3,1.2,0.9,0.6,0.2,1.3,78,101,103,81,127,95,64,127,63,127,
2025,Rayah Marshall,Connecticut Sun,CON,C-F,15,90,0.186,0.68,0.83,0.346,0.138,0.033,0.280,0.720,0.000,0.088,0.260,0.167,0.089,0.189,0.57,0.010,0.033,0.059,7.2,649,-0.1,-0.1,0,-0.04,-0.06,0.02,79.9,106,0.415,15,0,6,1.7,0.6,1.7,0.346,0.6,1.7,0.360,0,0.1,0.000,0.5,0.8,0.583,0.5,1.3,1.7,0.3,0.5,0.1,0.2,0.8,,,,,,,,,,,
2025,Rebecca Allen,Chicago Sky,CHI,G-F,44,821,0.158,0.77,0.89,0.429,0.115,0.520,0.084,0.356,0.560,0.023,0.138,0.081,0.116,0.133,1.46,0.013,0.027,0.034,7.9,6497,0,-0.1,0.2,0,-0.01,0.01,90.2,108.6,0.445,44,17,18.7,5.1,1.9,5.5,0.342,0.9,2.5,0.370,1,3,0.318,0.4,0.7,0.613,0.4,2.2,2.6,1.3,0.9,0.5,0.5,1.4,118,104,128,130,117,128,130,119,130,119,
2025,Rebekah Gardner,New York Liberty,NYL,G,41,502,0.134,1.04,1.24,0.591,0.160,0.341,0.145,0.461,0.395,0.067,0.101,0.086,0.080,0.158,1.09,0.022,0.013,0.055,12.5,6265,1.5,0.9,0.6,0.12,0.07,0.04,113.8,101.3,0.620,41,5,12.2,3.7,1.3,2.7,0.500,0.9,1.7,0.515,0.5,1,0.476,0.5,0.7,0.815,0.7,1.1,1.8,0.6,0.6,0.6,0.2,1.5,86,106,75,73,76,49,45,55,22,55,
2025,Rhyne Howard,Atlanta Dream,ATL,G,33,1151,0.238,0.95,1.05,0.477,0.226,0.574,0.175,0.295,0.530,0.031,0.117,0.075,0.227,0.091,2.78,0.020,0.020,0.039,18.2,20907,4.9,3.1,1.8,0.17,0.11,0.06,111,97.6,0.525,33,32,34.9,17.5,5.7,15.1,0.375,2.6,5.5,0.467,3.1,9.6,0.322,3.1,3.6,0.856,0.9,3.5,4.5,4.6,1.7,1.5,0.8,2.9,30,24,12,19,12,13,17,25,32,25,
2025,Rickea Jackson,Los Angeles Sparks,LAS,F,38,1173,0.228,0.93,1.06,0.492,0.124,0.356,0.149,0.502,0.349,0.040,0.085,0.063,0.092,0.129,0.82,0.009,0.011,0.027,12.5,14675,0.9,1.2,-0.3,0.03,0.04,-0.01,99.6,112,0.530,38,37,30.9,14.7,5.4,12.7,0.424,3.7,7.8,0.473,1.7,4.9,0.348,2.2,2.6,0.847,1,2.2,3.2,1.7,2.1,0.6,0.4,1.9,84,44,95,57,138,119,82,137,90,137,
2025,Robyn Parks,,CON,F,6,63,0.043,0.33,0.4,0.200,0.000,0.800,0.000,1.000,0.000,0.018,0.148,0.082,0.053,0.167,2,0.014,0.000,0.049,1,65,-0.1,-0.1,0,-0.05,-0.04,-0.01,58.2,112.5,0.200,6,0,10.5,0.3,0.2,0.8,0.200,0.2,0.2,1.000,0,0.7,0.000,0,0,--,0.2,1.3,1.5,0.3,0.2,0.3,0,1.2,,,,,,,,,,,
2025,Sabrina Ionescu,New York Liberty,NYL,G,38,1194,0.282,0.93,1.07,0.472,0.195,0.420,0.219,0.430,0.351,0.030,0.142,0.089,0.320,0.134,2.16,0.017,0.012,0.023,20.6,24600,4.5,3.2,1.3,0.15,0.11,0.04,107,101.3,0.535,38,38,31.4,18.2,6.1,15.1,0.401,3.9,7.9,0.493,2.1,7.1,0.299,4,4.3,0.933,0.8,4.1,4.9,5.7,2.6,1.3,0.4,1.7,13,15,16,16,27,26,21,56,49,56,
2025,Sami Whitcomb,Phoenix Mercury,PHX,G,43,1027,0.184,0.92,1.09,0.513,0.198,0.663,0.118,0.221,0.662,0.018,0.111,0.063,0.169,0.157,1.61,0.014,0.006,0.039,11.5,11850,2.1,1.1,1,0.08,0.04,0.04,101.7,102.7,0.545,43,20,23.9,9.1,3,7.8,0.385,1,2.3,0.443,2,5.5,0.361,1.1,1.3,0.852,0.4,2.3,2.6,2.5,1.6,0.8,0.2,2.1,95,60,53,60,46,76,81,72,81,72,
2025,Sania Feagin,Los Angeles Sparks,LAS,F,16,77,0.203,0.56,0.69,0.357,0.040,0.138,0.000,1.000,0.000,0.047,0.123,0.084,0.082,0.194,0.57,0.000,0.071,0.092,0.6,48,-0.2,-0.2,0,-0.13,-0.13,0,65.9,109.2,0.345,16,0,4.8,1.3,0.6,1.8,0.357,0.6,1.5,0.417,0,0.3,0.000,0,0.1,0.000,0.2,0.5,0.7,0.3,0.4,0,0.4,1,,,,,,,,,,,
2025,Saniya Rivers,Connecticut Sun,CON,G,42,1097,0.181,0.85,0.99,0.468,0.108,0.335,0.119,0.534,0.348,0.031,0.100,0.064,0.184,0.142,1.82,0.025,0.034,0.029,13.6,14902,1.2,0.7,0.5,0.04,0.02,0.02,97.6,106.6,0.495,42,25,26.1,8.8,3.4,8.3,0.407,2.4,5.3,0.444,1,3,0.341,1,1.4,0.746,0.7,2.1,2.8,2.7,1.5,1.5,0.9,1.7,67,43,82,82,88,113,100,109,99,109,
2025,Sarah Ashlee Barker,Los Angeles Sparks,LAS,G,34,481,0.140,0.69,0.91,0.423,0.218,0.526,0.162,0.324,0.514,0.025,0.139,0.081,0.101,0.242,0.84,0.010,0.008,0.041,4.2,2019,-0.5,-0.4,0,-0.04,-0.04,0,81.4,110.3,0.455,34,8,14.1,3.1,1,3.1,0.337,0.5,1.3,0.395,0.5,1.8,0.295,0.5,0.7,0.708,0.3,1.6,1.9,0.9,1.1,0.3,0.1,1.3,137,130,136,136,129,136,135,129,136,129,
2025,Satou Sabally,Phoenix Mercury,PHX,F,39,1039,0.288,0.95,1.07,0.469,0.209,0.351,0.241,0.443,0.316,0.059,0.203,0.129,0.176,0.114,1.27,0.021,0.012,0.049,19.6,20393,4,2.4,1.6,0.15,0.09,0.06,105.5,98.1,0.535,39,39,26.6,16.3,5.3,13.2,0.404,3.6,7.8,0.461,1.7,5.4,0.321,3.9,4.7,0.827,1.4,4.5,5.9,2.5,2,1.3,0.3,2.9,19,26,27,24,16,24,29,27,60,27,
2025,Serena Sundell,Dallas Wings,DAL,G,3,22,0.063,0,0,0.000,--,1.000,--,--,--,0.000,0.077,0.030,0.000,0.667,0,0.000,0.000,0.089,-9.1,-198,-0.1,-0.1,0,-0.22,-0.14,-0.08,0,125.5,0.000,3,0,7.2,0,0,0.3,0.000,0,0,--,0,0.3,0.000,0,0,--,0,0.3,0.3,0,0.7,0,0,1.3,,,,,,,,,,,
2025,Sevgi Uzun,Chicago Sky,CHI,G,25,440,0.152,0.53,0.76,0.353,0.110,0.291,0.141,0.667,0.192,0.003,0.081,0.043,0.227,0.295,1.47,0.014,0.006,0.039,2.9,1284,-0.7,-0.8,0.1,-0.06,-0.07,0.01,73.5,107.8,0.380,25,3,17.6,3.1,1.2,3.8,0.326,1,2.6,0.400,0.2,1.2,0.167,0.4,0.6,0.688,0,1.2,1.2,2.5,1.7,0.5,0.1,1.5,139,138,139,139,118,139,139,115,139,116,
2025,Shakira Austin,Washington Mystics,WAS,C-F,38,874,0.297,0.84,1.01,0.467,0.145,0.031,0.202,0.786,0.012,0.078,0.266,0.169,0.162,0.161,0.74,0.022,0.046,0.043,18.5,16164,1.6,0.2,1.5,0.07,0.01,0.07,92.9,96.8,0.505,38,30,23,12.7,5,10.8,0.465,5,10.4,0.477,0.1,0.4,0.133,2.6,3.8,0.664,1.5,4.9,6.4,1.8,2.4,1.1,1.1,2.1,28,37,66,112,18,81,120,16,120,15,
2025,Shatori Walker-Kimbrough,Atlanta Dream,ATL,G,41,354,0.105,0.86,1.04,0.500,0.135,0.456,0.113,0.423,0.465,0.011,0.113,0.063,0.091,0.181,1.47,0.013,0.026,0.031,7.8,2759,0.6,0.1,0.5,0.07,0.01,0.06,97.5,99,0.520,41,1,8.6,1.7,0.6,1.5,0.413,0.4,0.8,0.469,0.3,0.8,0.355,0.2,0.3,0.727,0.1,0.8,0.9,0.5,0.4,0.2,0.3,0.6,119,126,109,114,85,86,110,37,100,37,
2025,Shey Peddy,Indiana Fever,IND,G,15,265,0.120,1.08,1.33,0.636,0.130,0.603,0.091,0.286,0.623,0.032,0.090,0.060,0.180,0.183,2.38,0.010,0.000,0.034,12.3,3248,0.6,0.6,0,0.09,0.09,0,121.7,109.5,0.665,15,5,17.6,5.1,1.8,3.7,0.491,0.7,1.3,0.550,1.1,2.3,0.457,0.5,0.6,0.778,0.5,1.2,1.7,2.1,0.9,0.4,0,1.3,88,123,108,87,124,69,30,123,3,123,
2025,Sika Koné,Atlanta Dream,ATL,F,19,85,0.180,0.79,0.96,0.341,0.261,0.179,0.444,0.444,0.111,0.048,0.211,0.128,0.113,0.176,1,0.000,0.000,0.062,7.1,607,0.1,0,0.1,0.06,0.02,0.04,96.4,101.5,0.480,19,0,4.5,1.4,0.4,1.2,0.318,0.3,0.9,0.353,0.1,0.3,0.200,0.6,0.7,0.923,0.2,0.8,1,0.3,0.3,0,0,0.6,,,,,,,,,,,
2025,Skylar Diggins,Seattle Storm,SEA,G,43,1343,0.242,0.93,1.07,0.481,0.187,0.272,0.223,0.498,0.279,0.024,0.075,0.049,0.317,0.127,2.84,0.017,0.023,0.034,18.8,25297,4.8,3.4,1.3,0.14,0.1,0.04,108.5,102.1,0.535,43,43,31.2,15.5,5.3,12.5,0.423,3.9,8.6,0.450,1.4,4,0.365,3.5,4.4,0.788,0.6,1.9,2.5,6,2.1,1.2,0.8,2.3,26,13,13,14,25,32,25,69,42,69,
2025,Sonia Citron,Washington Mystics,WAS,G,44,1415,0.204,1.04,1.21,0.556,0.187,0.336,0.198,0.432,0.370,0.025,0.126,0.075,0.137,0.144,1.14,0.018,0.012,0.030,16.4,23171,4.3,3,1.2,0.12,0.09,0.03,110,103.3,0.605,44,44,32.2,14.9,5.1,10.8,0.470,3.2,6.6,0.486,1.8,4.1,0.445,3,3.4,0.872,0.7,3.3,4,2.4,2.1,1.3,0.4,2.1,44,17,23,20,34,42,32,82,40,82,
2025,Sophie Cunningham,Indiana Fever,IND,G,30,756,0.134,1.11,1.3,0.614,0.278,0.599,0.163,0.241,0.595,0.024,0.145,0.083,0.071,0.147,1.06,0.017,0.004,0.038,12.7,9586,2.3,1.5,0.8,0.12,0.08,0.04,117.6,102,0.650,30,13,25.2,8.6,2.7,5.8,0.469,1,1.9,0.544,1.7,3.9,0.432,1.4,1.6,0.875,0.5,3,3.5,1.2,1.1,1,0.1,2.2,82,74,45,41,62,41,37,67,11,67,
2025,Stefanie Dolson,Washington Mystics,WAS,C,43,653,0.126,0.89,1.07,0.518,0.118,0.497,0.087,0.410,0.503,0.031,0.149,0.091,0.148,0.161,2.03,0.008,0.021,0.068,8.5,5541,1,0.5,0.5,0.06,0.03,0.03,102.3,104.2,0.535,43,14,15.2,3.7,1.4,3.3,0.423,0.8,1.6,0.493,0.6,1.7,0.360,0.3,0.5,0.700,0.4,1.9,2.3,1.4,0.7,0.3,0.3,2.3,116,110,93,92,86,92,92,93,75,93,
2025,Stephanie Talbot,New York Liberty,NYL,F,38,541,0.133,0.71,0.96,0.452,0.213,0.479,0.161,0.411,0.429,0.058,0.152,0.107,0.195,0.255,1.65,0.016,0.011,0.036,9.1,4920,0.7,0.1,0.6,0.05,0.01,0.04,94.5,101.4,0.480,38,10,14.2,2.9,1,2.7,0.375,0.6,1.3,0.479,0.4,1.5,0.286,0.5,0.7,0.643,0.7,2,2.7,1.7,1.1,0.5,0.2,1.1,112,112,105,115,71,100,118,57,114,57,
2025,Sug Sutton,Washington Mystics,WAS,G,43,1122,0.158,0.82,1.04,0.496,0.119,0.391,0.117,0.486,0.397,0.009,0.076,0.042,0.250,0.214,2,0.013,0.003,0.024,9.8,11051,1.1,0.5,0.6,0.04,0.02,0.02,96.5,106.1,0.520,43,43,26.1,7.4,2.8,6.6,0.422,1.8,3.8,0.472,1,2.8,0.353,0.9,1.1,0.771,0.2,1.6,1.8,3.9,1.9,0.8,0.1,1.3,110,65,88,93,78,117,108,105,105,105,
2025,Sydney Colson,Indiana Fever,IND,G,30,404,0.126,0.62,0.9,0.428,0.094,0.595,0.085,0.366,0.549,0.021,0.054,0.038,0.213,0.307,1.71,0.016,0.013,0.037,5.9,2365,0.1,-0.2,0.3,0.01,-0.02,0.03,86.5,103.8,0.450,30,6,13.5,2.4,0.9,2.5,0.342,0.4,1,0.448,0.4,1.6,0.277,0.2,0.2,0.857,0.2,0.6,0.8,2,1.2,0.5,0.2,1.1,130,128,126,132,103,126,131,89,131,89,
2025,Taylor Thierry,Atlanta Dream,ATL,G-F,17,36,0.184,0.43,0.46,0.227,0.200,0.231,0.167,0.333,0.500,0.077,0.121,0.100,0.077,0.071,2,0.052,0.000,0.013,5.5,198,0,-0.1,0.1,-0.02,-0.11,0.09,64.9,91.6,0.230,17,0,2.1,0.4,0.1,0.6,0.182,0.1,0.5,0.125,0.1,0.2,0.333,0.1,0.2,0.250,0.1,0.2,0.4,0.1,0.1,0.2,0,0.1,,,,,,,,,,,
2025,Te-Hina Paopao,Atlanta Dream,ATL,G,43,720,0.169,0.93,1.12,0.557,0.065,0.589,0.028,0.360,0.612,0.017,0.096,0.057,0.235,0.164,2.39,0.013,0.011,0.031,13.2,9488,2,1.2,0.9,0.11,0.07,0.05,107.7,100.7,0.560,43,15,16.7,5.8,2.2,5.1,0.440,1,2,0.523,1.2,3.1,0.386,0.2,0.3,0.538,0.2,1.4,1.6,2.4,1,0.5,0.2,1.1,76,75,55,58,53,51,54,49,45,48,
2025,Teaira McCowan,Dallas Wings,DAL,C,17,219,0.183,0.99,1.19,0.545,0.167,0.025,0.232,0.737,0.032,0.146,0.249,0.195,0.076,0.167,0.63,0.010,0.049,0.047,19.6,4280,0.7,0.5,0.2,0.13,0.1,0.03,113,104.5,0.595,17,0,12.9,5.6,2.1,3.9,0.537,2.1,3.8,0.538,0.1,0.1,0.500,1.3,1.7,0.759,1.8,2.8,4.6,0.6,0.9,0.3,0.7,1.4,,,,,,,,,,,
2025,Temi Fágbénlé,Golden State Valkyries,GSV,C,39,925,0.160,0.9,1.1,0.526,0.065,0.237,0.090,0.785,0.125,0.093,0.150,0.122,0.128,0.181,1.05,0.018,0.026,0.060,12.8,11845,2.4,1,1.3,0.1,0.04,0.06,102.9,98.5,0.550,39,38,23.7,7.4,3.2,6.4,0.502,2.9,4.8,0.604,0.3,1.6,0.194,0.7,0.9,0.722,1.8,3.1,4.9,1.6,1.5,0.9,0.6,3.1,81,61,43,68,26,61,79,31,73,30,
2025,Tiffany Hayes,Golden State Valkyries,GSV,G,26,700,0.215,0.94,1.1,0.504,0.218,0.367,0.211,0.383,0.406,0.031,0.137,0.085,0.212,0.151,1.57,0.009,0.006,0.039,14.1,9863,2,1.3,0.7,0.12,0.08,0.04,106.7,101.9,0.550,26,24,26.9,11.7,3.8,9.1,0.418,2.2,5.2,0.426,1.6,3.9,0.406,2.5,3.1,0.800,0.7,3.2,3.8,3,1.9,0.5,0.2,2.2,62,72,56,50,65,48,41,65,51,64,
2025,Tiffany Mitchell,Seattle Storm,SEA,G,39,510,0.130,0.86,1.03,0.446,0.217,0.246,0.278,0.460,0.262,0.024,0.073,0.048,0.037,0.164,0.5,0.012,0.014,0.046,6,3071,0.4,0,0.4,0.03,0,0.03,92.8,104.5,0.515,39,3,13.1,3.2,1,2.6,0.392,0.7,1.8,0.403,0.3,0.8,0.367,0.9,1.2,0.745,0.3,0.8,1.1,0.3,0.6,0.4,0.2,1.3,129,124,118,124,96,120,124,95,122,95,
2025,Tina Charles,Connecticut Sun,CON,C,43,1222,0.282,0.91,1.02,0.449,0.143,0.067,0.240,0.709,0.051,0.058,0.190,0.122,0.125,0.107,0.9,0.012,0.015,0.033,17.9,21819,2.2,1.9,0.2,0.07,0.06,0.01,101.6,108.5,0.510,43,42,28.4,16.3,6,13.8,0.438,5.8,12.7,0.453,0.3,1.1,0.261,3.9,4.6,0.857,1.4,4.3,5.8,1.7,1.9,0.8,0.4,2.1,35,20,50,35,108,83,59,118,82,118,
2025,Tyasha Harris,Dallas Wings,DAL,G,5,82,0.113,1.05,1.21,0.583,0.125,0.579,0.087,0.261,0.652,0.012,0.056,0.033,0.245,0.136,4.33,0.011,0.022,0.027,13.4,1104,0.2,0.2,0,0.09,0.1,-0.01,124.9,111.3,0.605,5,0,16.5,4.6,1.6,3.6,0.444,0.6,1.4,0.429,1,2.2,0.455,0.4,0.4,1.000,0.2,0.8,1,2.6,0.6,0.4,0.4,1,,,,,,,,,,,
2025,Veronica Burton,Golden State Valkyries,GSV,G,44,1292,0.201,0.93,1.12,0.466,0.290,0.377,0.316,0.335,0.349,0.046,0.125,0.087,0.375,0.167,2.82,0.018,0.022,0.037,19,24566,6.1,4.3,1.8,0.19,0.13,0.06,117.1,99.1,0.560,44,44,29.4,11.9,3.4,8.8,0.387,2,4.7,0.423,1.4,4,0.345,3.8,4.3,0.878,1.1,3.2,4.4,6,2.1,1.1,0.6,2.3,25,16,8,10,13,10,13,39,12,38,
2025,Yvonne Anderson,Minnesota Lynx,MIN,G,1,12,0.111,0,0,0.000,0.000,0.333,--,--,--,0.000,0.083,0.048,0.154,0.000,--,0.074,0.000,0.111,1.1,13,0,0,0,0.01,-0.11,0.12,50.2,86.5,0.000,1,0,12.4,0,0,3,0.000,0,2,0.000,0,1,0.000,0,0,--,0,1,1,2,0,2,0,3,,,,,,,,,,,
2025,Zia Cooke,Seattle Storm,SEA,G,26,261,0.203,0.77,0.95,0.446,0.193,0.400,0.167,0.333,0.500,0.027,0.036,0.032,0.081,0.188,0.64,0.017,0.003,0.044,5.8,1524,-0.1,-0.3,0.2,-0.01,-0.04,0.03,83.2,103.3,0.475,26,0,10,3.5,1.2,3.2,0.357,0.6,1.8,0.326,0.6,1.5,0.395,0.6,0.9,0.652,0.2,0.3,0.5,0.5,0.8,0.4,0,1,131,136,131,133,110,132,136,84,133,84,